ISO-10303-21;
HEADER;
/* Generated by software containing ST-Developer
 * from STEP Tools, Inc. (www.steptools.com) 
 */

FILE_DESCRIPTION(
/* description */ (''),
/* implementation_level */ '2;1');

FILE_NAME(
/* name */ 'EQMAIN.step',
/* time_stamp */ '2026-07-08T16:16:07+10:00',
/* author */ (''),
/* organization */ (''),
/* preprocessor_version */ 'ST-DEVELOPER v20.1',
/* originating_system */ 'Autodesk Translation Framework v15.8.0.0',
/* authorisation */ '');

FILE_SCHEMA (('AUTOMOTIVE_DESIGN { 1 0 10303 214 3 1 1 }'));
ENDSEC;

DATA;
#10=MECHANICAL_DESIGN_GEOMETRIC_PRESENTATION_REPRESENTATION('',(#13),#5479);
#11=SHAPE_REPRESENTATION_RELATIONSHIP('SRR','None',#5486,#12);
#12=ADVANCED_BREP_SHAPE_REPRESENTATION('',(#14),#5478);
#13=STYLED_ITEM('',(#5495),#14);
#14=MANIFOLD_SOLID_BREP('Body1',#3326);
#15=ELLIPSE('',#3425,2.82842712474619,2.);
#16=ELLIPSE('',#3428,2.82842712474619,2.);
#17=ELLIPSE('',#3431,2.82842712474619,2.);
#18=ELLIPSE('',#3434,2.82842712474619,2.);
#19=FACE_BOUND('',#431,.T.);
#20=FACE_BOUND('',#432,.T.);
#21=FACE_BOUND('',#433,.T.);
#22=FACE_BOUND('',#434,.T.);
#23=FACE_BOUND('',#435,.T.);
#24=FACE_BOUND('',#438,.T.);
#25=FACE_BOUND('',#439,.T.);
#26=FACE_BOUND('',#440,.T.);
#27=FACE_BOUND('',#441,.T.);
#28=FACE_BOUND('',#442,.T.);
#29=FACE_BOUND('',#443,.T.);
#30=FACE_BOUND('',#445,.T.);
#31=FACE_BOUND('',#450,.T.);
#32=FACE_BOUND('',#451,.T.);
#33=FACE_BOUND('',#452,.T.);
#34=FACE_BOUND('',#453,.T.);
#35=FACE_BOUND('',#472,.T.);
#36=FACE_BOUND('',#474,.T.);
#37=FACE_BOUND('',#476,.T.);
#38=FACE_BOUND('',#478,.T.);
#39=FACE_BOUND('',#492,.T.);
#40=FACE_BOUND('',#493,.T.);
#41=FACE_BOUND('',#494,.T.);
#42=FACE_BOUND('',#495,.T.);
#43=FACE_BOUND('',#496,.T.);
#44=FACE_BOUND('',#497,.T.);
#45=FACE_BOUND('',#499,.T.);
#46=FACE_BOUND('',#500,.T.);
#47=FACE_BOUND('',#501,.T.);
#48=FACE_BOUND('',#502,.T.);
#49=FACE_BOUND('',#503,.T.);
#50=FACE_BOUND('',#510,.T.);
#51=FACE_BOUND('',#533,.T.);
#52=FACE_BOUND('',#536,.T.);
#53=FACE_BOUND('',#539,.T.);
#54=FACE_BOUND('',#552,.T.);
#55=FACE_BOUND('',#558,.T.);
#56=FACE_BOUND('',#565,.T.);
#57=FACE_BOUND('',#574,.T.);
#58=FACE_BOUND('',#580,.T.);
#59=FACE_BOUND('',#582,.T.);
#60=FACE_BOUND('',#584,.T.);
#61=FACE_BOUND('',#586,.T.);
#62=FACE_BOUND('',#588,.T.);
#63=FACE_BOUND('',#592,.T.);
#64=FACE_BOUND('',#593,.T.);
#65=FACE_BOUND('',#594,.T.);
#66=FACE_BOUND('',#595,.T.);
#67=FACE_BOUND('',#601,.T.);
#68=FACE_BOUND('',#603,.T.);
#69=FACE_BOUND('',#609,.T.);
#70=FACE_BOUND('',#611,.T.);
#71=FACE_BOUND('',#617,.T.);
#72=FACE_BOUND('',#619,.T.);
#73=FACE_BOUND('',#633,.T.);
#74=FACE_BOUND('',#643,.T.);
#75=FACE_BOUND('',#646,.T.);
#76=FACE_BOUND('',#647,.T.);
#77=FACE_BOUND('',#648,.T.);
#78=FACE_BOUND('',#649,.T.);
#79=FACE_BOUND('',#650,.T.);
#80=TOROIDAL_SURFACE('',#3358,0.8,0.2);
#81=TOROIDAL_SURFACE('',#3364,0.8,0.2);
#82=TOROIDAL_SURFACE('',#3370,0.8,0.2);
#83=TOROIDAL_SURFACE('',#3376,0.8,0.2);
#84=CIRCLE('',#3343,2.75);
#85=CIRCLE('',#3344,2.75);
#86=CIRCLE('',#3348,2.75);
#87=CIRCLE('',#3349,2.75);
#88=CIRCLE('',#3352,2.75);
#89=CIRCLE('',#3353,2.75);
#90=CIRCLE('',#3356,0.199999999999996);
#91=CIRCLE('',#3357,0.2);
#92=CIRCLE('',#3359,0.2);
#93=CIRCLE('',#3360,1.);
#94=CIRCLE('',#3361,0.8);
#95=CIRCLE('',#3363,0.2);
#96=CIRCLE('',#3365,0.2);
#97=CIRCLE('',#3366,1.);
#98=CIRCLE('',#3367,0.8);
#99=CIRCLE('',#3369,0.2);
#100=CIRCLE('',#3371,0.2);
#101=CIRCLE('',#3372,1.);
#102=CIRCLE('',#3373,0.8);
#103=CIRCLE('',#3375,0.2);
#104=CIRCLE('',#3377,1.);
#105=CIRCLE('',#3378,0.8);
#106=CIRCLE('',#3380,1.);
#107=CIRCLE('',#3382,1.55);
#108=CIRCLE('',#3383,1.55);
#109=CIRCLE('',#3384,1.55);
#110=CIRCLE('',#3385,1.55);
#111=CIRCLE('',#3386,2.);
#112=CIRCLE('',#3387,2.);
#113=CIRCLE('',#3388,2.);
#114=CIRCLE('',#3389,2.);
#115=CIRCLE('',#3391,1.);
#116=CIRCLE('',#3393,2.75);
#117=CIRCLE('',#3394,2.75);
#118=CIRCLE('',#3395,2.75);
#119=CIRCLE('',#3398,1.);
#120=CIRCLE('',#3401,1.);
#121=CIRCLE('',#3403,1.55);
#122=CIRCLE('',#3404,1.55);
#123=CIRCLE('',#3405,1.55);
#124=CIRCLE('',#3406,1.55);
#125=CIRCLE('',#3409,2.75);
#126=CIRCLE('',#3413,2.75);
#127=CIRCLE('',#3417,2.75);
#128=CIRCLE('',#3424,2.);
#129=CIRCLE('',#3427,2.);
#130=CIRCLE('',#3430,2.);
#131=CIRCLE('',#3433,2.);
#132=CIRCLE('',#3460,2.5);
#133=CIRCLE('',#3461,2.5);
#134=CIRCLE('',#3464,2.5);
#135=CIRCLE('',#3465,2.5);
#136=CIRCLE('',#3468,2.5);
#137=CIRCLE('',#3469,2.5);
#138=CIRCLE('',#3472,2.5);
#139=CIRCLE('',#3473,2.5);
#140=CIRCLE('',#3476,2.5);
#141=CIRCLE('',#3477,2.5);
#142=CIRCLE('',#3480,2.5);
#143=CIRCLE('',#3481,2.5);
#144=CIRCLE('',#3484,2.5);
#145=CIRCLE('',#3485,2.5);
#146=CIRCLE('',#3488,2.5);
#147=CIRCLE('',#3489,2.5);
#148=CIRCLE('',#3497,2.);
#149=CIRCLE('',#3500,2.);
#150=CIRCLE('',#3503,2.);
#151=CIRCLE('',#3510,1.55);
#152=CIRCLE('',#3512,1.55);
#153=CIRCLE('',#3514,1.55);
#154=CIRCLE('',#3516,1.55);
#155=CIRCLE('',#3520,2.);
#156=CIRCLE('',#3526,2.);
#157=CIRCLE('',#3530,2.);
#158=CIRCLE('',#3531,2.);
#159=CIRCLE('',#3536,2.);
#160=CIRCLE('',#3540,2.);
#161=CIRCLE('',#3541,2.);
#162=CIRCLE('',#3547,2.);
#163=CIRCLE('',#3548,2.);
#164=CIRCLE('',#3558,2.);
#165=CIRCLE('',#3562,2.);
#166=CIRCLE('',#3563,2.);
#167=CIRCLE('',#3569,1.55);
#168=CIRCLE('',#3571,2.);
#169=CIRCLE('',#3572,2.);
#170=CIRCLE('',#3578,1.55);
#171=CIRCLE('',#3580,2.);
#172=CIRCLE('',#3581,2.);
#173=CIRCLE('',#3587,1.55);
#174=CIRCLE('',#3589,1.55);
#175=CIRCLE('',#3594,2.);
#176=CIRCLE('',#3597,2.);
#177=CIRCLE('',#3600,2.);
#178=CIRCLE('',#3603,2.);
#179=CIRCLE('',#3606,2.);
#180=CIRCLE('',#3608,2.);
#181=CIRCLE('',#3611,2.);
#182=CIRCLE('',#3614,2.);
#183=CIRCLE('',#3617,2.);
#184=CYLINDRICAL_SURFACE('',#3342,2.75);
#185=CYLINDRICAL_SURFACE('',#3347,2.75);
#186=CYLINDRICAL_SURFACE('',#3351,2.75);
#187=CYLINDRICAL_SURFACE('',#3355,0.2);
#188=CYLINDRICAL_SURFACE('',#3362,0.2);
#189=CYLINDRICAL_SURFACE('',#3368,0.2);
#190=CYLINDRICAL_SURFACE('',#3374,0.2);
#191=CYLINDRICAL_SURFACE('',#3379,1.);
#192=CYLINDRICAL_SURFACE('',#3390,1.);
#193=CYLINDRICAL_SURFACE('',#3397,1.);
#194=CYLINDRICAL_SURFACE('',#3400,1.);
#195=CYLINDRICAL_SURFACE('',#3408,2.75);
#196=CYLINDRICAL_SURFACE('',#3412,2.75);
#197=CYLINDRICAL_SURFACE('',#3416,2.75);
#198=CYLINDRICAL_SURFACE('',#3423,2.);
#199=CYLINDRICAL_SURFACE('',#3426,2.);
#200=CYLINDRICAL_SURFACE('',#3429,2.);
#201=CYLINDRICAL_SURFACE('',#3432,2.);
#202=CYLINDRICAL_SURFACE('',#3459,2.5);
#203=CYLINDRICAL_SURFACE('',#3463,2.5);
#204=CYLINDRICAL_SURFACE('',#3467,2.5);
#205=CYLINDRICAL_SURFACE('',#3471,2.5);
#206=CYLINDRICAL_SURFACE('',#3475,2.5);
#207=CYLINDRICAL_SURFACE('',#3479,2.5);
#208=CYLINDRICAL_SURFACE('',#3483,2.5);
#209=CYLINDRICAL_SURFACE('',#3487,2.5);
#210=CYLINDRICAL_SURFACE('',#3509,1.55);
#211=CYLINDRICAL_SURFACE('',#3511,1.55);
#212=CYLINDRICAL_SURFACE('',#3513,1.55);
#213=CYLINDRICAL_SURFACE('',#3515,1.55);
#214=CYLINDRICAL_SURFACE('',#3529,2.);
#215=CYLINDRICAL_SURFACE('',#3535,2.);
#216=CYLINDRICAL_SURFACE('',#3539,2.);
#217=CYLINDRICAL_SURFACE('',#3546,2.);
#218=CYLINDRICAL_SURFACE('',#3557,2.);
#219=CYLINDRICAL_SURFACE('',#3561,2.);
#220=CYLINDRICAL_SURFACE('',#3570,2.);
#221=CYLINDRICAL_SURFACE('',#3579,2.);
#222=CYLINDRICAL_SURFACE('',#3588,1.55);
#223=CYLINDRICAL_SURFACE('',#3590,1.55);
#224=CYLINDRICAL_SURFACE('',#3591,1.55);
#225=CYLINDRICAL_SURFACE('',#3592,1.55);
#226=CYLINDRICAL_SURFACE('',#3593,2.);
#227=CYLINDRICAL_SURFACE('',#3596,2.);
#228=CYLINDRICAL_SURFACE('',#3599,2.);
#229=CYLINDRICAL_SURFACE('',#3602,2.);
#230=CYLINDRICAL_SURFACE('',#3607,2.);
#231=CYLINDRICAL_SURFACE('',#3610,2.);
#232=CYLINDRICAL_SURFACE('',#3613,2.);
#233=CYLINDRICAL_SURFACE('',#3616,2.);
#234=FACE_OUTER_BOUND('',#412,.T.);
#235=FACE_OUTER_BOUND('',#413,.T.);
#236=FACE_OUTER_BOUND('',#414,.T.);
#237=FACE_OUTER_BOUND('',#415,.T.);
#238=FACE_OUTER_BOUND('',#416,.T.);
#239=FACE_OUTER_BOUND('',#417,.T.);
#240=FACE_OUTER_BOUND('',#418,.T.);
#241=FACE_OUTER_BOUND('',#419,.T.);
#242=FACE_OUTER_BOUND('',#420,.T.);
#243=FACE_OUTER_BOUND('',#421,.T.);
#244=FACE_OUTER_BOUND('',#422,.T.);
#245=FACE_OUTER_BOUND('',#423,.T.);
#246=FACE_OUTER_BOUND('',#424,.T.);
#247=FACE_OUTER_BOUND('',#425,.T.);
#248=FACE_OUTER_BOUND('',#426,.T.);
#249=FACE_OUTER_BOUND('',#427,.T.);
#250=FACE_OUTER_BOUND('',#428,.T.);
#251=FACE_OUTER_BOUND('',#429,.T.);
#252=FACE_OUTER_BOUND('',#430,.T.);
#253=FACE_OUTER_BOUND('',#436,.T.);
#254=FACE_OUTER_BOUND('',#437,.T.);
#255=FACE_OUTER_BOUND('',#444,.T.);
#256=FACE_OUTER_BOUND('',#446,.T.);
#257=FACE_OUTER_BOUND('',#447,.T.);
#258=FACE_OUTER_BOUND('',#448,.T.);
#259=FACE_OUTER_BOUND('',#449,.T.);
#260=FACE_OUTER_BOUND('',#454,.T.);
#261=FACE_OUTER_BOUND('',#455,.T.);
#262=FACE_OUTER_BOUND('',#456,.T.);
#263=FACE_OUTER_BOUND('',#457,.T.);
#264=FACE_OUTER_BOUND('',#458,.T.);
#265=FACE_OUTER_BOUND('',#459,.T.);
#266=FACE_OUTER_BOUND('',#460,.T.);
#267=FACE_OUTER_BOUND('',#461,.T.);
#268=FACE_OUTER_BOUND('',#462,.T.);
#269=FACE_OUTER_BOUND('',#463,.T.);
#270=FACE_OUTER_BOUND('',#464,.T.);
#271=FACE_OUTER_BOUND('',#465,.T.);
#272=FACE_OUTER_BOUND('',#466,.T.);
#273=FACE_OUTER_BOUND('',#467,.T.);
#274=FACE_OUTER_BOUND('',#468,.T.);
#275=FACE_OUTER_BOUND('',#469,.T.);
#276=FACE_OUTER_BOUND('',#470,.T.);
#277=FACE_OUTER_BOUND('',#471,.T.);
#278=FACE_OUTER_BOUND('',#473,.T.);
#279=FACE_OUTER_BOUND('',#475,.T.);
#280=FACE_OUTER_BOUND('',#477,.T.);
#281=FACE_OUTER_BOUND('',#479,.T.);
#282=FACE_OUTER_BOUND('',#480,.T.);
#283=FACE_OUTER_BOUND('',#481,.T.);
#284=FACE_OUTER_BOUND('',#482,.T.);
#285=FACE_OUTER_BOUND('',#483,.T.);
#286=FACE_OUTER_BOUND('',#484,.T.);
#287=FACE_OUTER_BOUND('',#485,.T.);
#288=FACE_OUTER_BOUND('',#486,.T.);
#289=FACE_OUTER_BOUND('',#487,.T.);
#290=FACE_OUTER_BOUND('',#488,.T.);
#291=FACE_OUTER_BOUND('',#489,.T.);
#292=FACE_OUTER_BOUND('',#490,.T.);
#293=FACE_OUTER_BOUND('',#491,.T.);
#294=FACE_OUTER_BOUND('',#498,.T.);
#295=FACE_OUTER_BOUND('',#504,.T.);
#296=FACE_OUTER_BOUND('',#505,.T.);
#297=FACE_OUTER_BOUND('',#506,.T.);
#298=FACE_OUTER_BOUND('',#507,.T.);
#299=FACE_OUTER_BOUND('',#508,.T.);
#300=FACE_OUTER_BOUND('',#509,.T.);
#301=FACE_OUTER_BOUND('',#511,.T.);
#302=FACE_OUTER_BOUND('',#512,.T.);
#303=FACE_OUTER_BOUND('',#513,.T.);
#304=FACE_OUTER_BOUND('',#514,.T.);
#305=FACE_OUTER_BOUND('',#515,.T.);
#306=FACE_OUTER_BOUND('',#516,.T.);
#307=FACE_OUTER_BOUND('',#517,.T.);
#308=FACE_OUTER_BOUND('',#518,.T.);
#309=FACE_OUTER_BOUND('',#519,.T.);
#310=FACE_OUTER_BOUND('',#520,.T.);
#311=FACE_OUTER_BOUND('',#521,.T.);
#312=FACE_OUTER_BOUND('',#522,.T.);
#313=FACE_OUTER_BOUND('',#523,.T.);
#314=FACE_OUTER_BOUND('',#524,.T.);
#315=FACE_OUTER_BOUND('',#525,.T.);
#316=FACE_OUTER_BOUND('',#526,.T.);
#317=FACE_OUTER_BOUND('',#527,.T.);
#318=FACE_OUTER_BOUND('',#528,.T.);
#319=FACE_OUTER_BOUND('',#529,.T.);
#320=FACE_OUTER_BOUND('',#530,.T.);
#321=FACE_OUTER_BOUND('',#531,.T.);
#322=FACE_OUTER_BOUND('',#532,.T.);
#323=FACE_OUTER_BOUND('',#534,.T.);
#324=FACE_OUTER_BOUND('',#535,.T.);
#325=FACE_OUTER_BOUND('',#537,.T.);
#326=FACE_OUTER_BOUND('',#538,.T.);
#327=FACE_OUTER_BOUND('',#540,.T.);
#328=FACE_OUTER_BOUND('',#541,.T.);
#329=FACE_OUTER_BOUND('',#542,.T.);
#330=FACE_OUTER_BOUND('',#543,.T.);
#331=FACE_OUTER_BOUND('',#544,.T.);
#332=FACE_OUTER_BOUND('',#545,.T.);
#333=FACE_OUTER_BOUND('',#546,.T.);
#334=FACE_OUTER_BOUND('',#547,.T.);
#335=FACE_OUTER_BOUND('',#548,.T.);
#336=FACE_OUTER_BOUND('',#549,.T.);
#337=FACE_OUTER_BOUND('',#550,.T.);
#338=FACE_OUTER_BOUND('',#551,.T.);
#339=FACE_OUTER_BOUND('',#553,.T.);
#340=FACE_OUTER_BOUND('',#554,.T.);
#341=FACE_OUTER_BOUND('',#555,.T.);
#342=FACE_OUTER_BOUND('',#556,.T.);
#343=FACE_OUTER_BOUND('',#557,.T.);
#344=FACE_OUTER_BOUND('',#559,.T.);
#345=FACE_OUTER_BOUND('',#560,.T.);
#346=FACE_OUTER_BOUND('',#561,.T.);
#347=FACE_OUTER_BOUND('',#562,.T.);
#348=FACE_OUTER_BOUND('',#563,.T.);
#349=FACE_OUTER_BOUND('',#564,.T.);
#350=FACE_OUTER_BOUND('',#566,.T.);
#351=FACE_OUTER_BOUND('',#567,.T.);
#352=FACE_OUTER_BOUND('',#568,.T.);
#353=FACE_OUTER_BOUND('',#569,.T.);
#354=FACE_OUTER_BOUND('',#570,.T.);
#355=FACE_OUTER_BOUND('',#571,.T.);
#356=FACE_OUTER_BOUND('',#572,.T.);
#357=FACE_OUTER_BOUND('',#573,.T.);
#358=FACE_OUTER_BOUND('',#575,.T.);
#359=FACE_OUTER_BOUND('',#576,.T.);
#360=FACE_OUTER_BOUND('',#577,.T.);
#361=FACE_OUTER_BOUND('',#578,.T.);
#362=FACE_OUTER_BOUND('',#579,.T.);
#363=FACE_OUTER_BOUND('',#581,.T.);
#364=FACE_OUTER_BOUND('',#583,.T.);
#365=FACE_OUTER_BOUND('',#585,.T.);
#366=FACE_OUTER_BOUND('',#587,.T.);
#367=FACE_OUTER_BOUND('',#589,.T.);
#368=FACE_OUTER_BOUND('',#590,.T.);
#369=FACE_OUTER_BOUND('',#591,.T.);
#370=FACE_OUTER_BOUND('',#596,.T.);
#371=FACE_OUTER_BOUND('',#597,.T.);
#372=FACE_OUTER_BOUND('',#598,.T.);
#373=FACE_OUTER_BOUND('',#599,.T.);
#374=FACE_OUTER_BOUND('',#600,.T.);
#375=FACE_OUTER_BOUND('',#602,.T.);
#376=FACE_OUTER_BOUND('',#604,.T.);
#377=FACE_OUTER_BOUND('',#605,.T.);
#378=FACE_OUTER_BOUND('',#606,.T.);
#379=FACE_OUTER_BOUND('',#607,.T.);
#380=FACE_OUTER_BOUND('',#608,.T.);
#381=FACE_OUTER_BOUND('',#610,.T.);
#382=FACE_OUTER_BOUND('',#612,.T.);
#383=FACE_OUTER_BOUND('',#613,.T.);
#384=FACE_OUTER_BOUND('',#614,.T.);
#385=FACE_OUTER_BOUND('',#615,.T.);
#386=FACE_OUTER_BOUND('',#616,.T.);
#387=FACE_OUTER_BOUND('',#618,.T.);
#388=FACE_OUTER_BOUND('',#620,.T.);
#389=FACE_OUTER_BOUND('',#621,.T.);
#390=FACE_OUTER_BOUND('',#622,.T.);
#391=FACE_OUTER_BOUND('',#623,.T.);
#392=FACE_OUTER_BOUND('',#624,.T.);
#393=FACE_OUTER_BOUND('',#625,.T.);
#394=FACE_OUTER_BOUND('',#626,.T.);
#395=FACE_OUTER_BOUND('',#627,.T.);
#396=FACE_OUTER_BOUND('',#628,.T.);
#397=FACE_OUTER_BOUND('',#629,.T.);
#398=FACE_OUTER_BOUND('',#630,.T.);
#399=FACE_OUTER_BOUND('',#631,.T.);
#400=FACE_OUTER_BOUND('',#632,.T.);
#401=FACE_OUTER_BOUND('',#634,.T.);
#402=FACE_OUTER_BOUND('',#635,.T.);
#403=FACE_OUTER_BOUND('',#636,.T.);
#404=FACE_OUTER_BOUND('',#637,.T.);
#405=FACE_OUTER_BOUND('',#638,.T.);
#406=FACE_OUTER_BOUND('',#639,.T.);
#407=FACE_OUTER_BOUND('',#640,.T.);
#408=FACE_OUTER_BOUND('',#641,.T.);
#409=FACE_OUTER_BOUND('',#642,.T.);
#410=FACE_OUTER_BOUND('',#644,.T.);
#411=FACE_OUTER_BOUND('',#645,.T.);
#412=EDGE_LOOP('',(#2112,#2113,#2114,#2115));
#413=EDGE_LOOP('',(#2116,#2117,#2118,#2119));
#414=EDGE_LOOP('',(#2120,#2121,#2122,#2123));
#415=EDGE_LOOP('',(#2124,#2125,#2126,#2127));
#416=EDGE_LOOP('',(#2128,#2129,#2130,#2131));
#417=EDGE_LOOP('',(#2132,#2133,#2134,#2135));
#418=EDGE_LOOP('',(#2136,#2137,#2138,#2139));
#419=EDGE_LOOP('',(#2140,#2141,#2142,#2143));
#420=EDGE_LOOP('',(#2144,#2145,#2146,#2147));
#421=EDGE_LOOP('',(#2148,#2149,#2150,#2151));
#422=EDGE_LOOP('',(#2152,#2153,#2154,#2155));
#423=EDGE_LOOP('',(#2156,#2157,#2158,#2159));
#424=EDGE_LOOP('',(#2160,#2161,#2162,#2163));
#425=EDGE_LOOP('',(#2164,#2165,#2166,#2167));
#426=EDGE_LOOP('',(#2168,#2169,#2170,#2171));
#427=EDGE_LOOP('',(#2172,#2173,#2174,#2175));
#428=EDGE_LOOP('',(#2176,#2177,#2178,#2179));
#429=EDGE_LOOP('',(#2180,#2181,#2182,#2183));
#430=EDGE_LOOP('',(#2184,#2185,#2186,#2187));
#431=EDGE_LOOP('',(#2188));
#432=EDGE_LOOP('',(#2189));
#433=EDGE_LOOP('',(#2190));
#434=EDGE_LOOP('',(#2191));
#435=EDGE_LOOP('',(#2192,#2193,#2194,#2195,#2196,#2197,#2198,#2199));
#436=EDGE_LOOP('',(#2200,#2201,#2202,#2203));
#437=EDGE_LOOP('',(#2204,#2205,#2206,#2207));
#438=EDGE_LOOP('',(#2208,#2209,#2210));
#439=EDGE_LOOP('',(#2211,#2212,#2213));
#440=EDGE_LOOP('',(#2214,#2215,#2216));
#441=EDGE_LOOP('',(#2217,#2218,#2219));
#442=EDGE_LOOP('',(#2220,#2221,#2222));
#443=EDGE_LOOP('',(#2223,#2224,#2225));
#444=EDGE_LOOP('',(#2226,#2227,#2228,#2229,#2230,#2231,#2232,#2233));
#445=EDGE_LOOP('',(#2234,#2235,#2236,#2237));
#446=EDGE_LOOP('',(#2238,#2239,#2240,#2241));
#447=EDGE_LOOP('',(#2242,#2243,#2244,#2245));
#448=EDGE_LOOP('',(#2246,#2247,#2248,#2249));
#449=EDGE_LOOP('',(#2250,#2251,#2252,#2253));
#450=EDGE_LOOP('',(#2254));
#451=EDGE_LOOP('',(#2255));
#452=EDGE_LOOP('',(#2256));
#453=EDGE_LOOP('',(#2257));
#454=EDGE_LOOP('',(#2258,#2259,#2260,#2261));
#455=EDGE_LOOP('',(#2262,#2263,#2264,#2265));
#456=EDGE_LOOP('',(#2266,#2267,#2268,#2269));
#457=EDGE_LOOP('',(#2270,#2271,#2272,#2273));
#458=EDGE_LOOP('',(#2274,#2275,#2276,#2277));
#459=EDGE_LOOP('',(#2278,#2279,#2280,#2281));
#460=EDGE_LOOP('',(#2282,#2283,#2284,#2285));
#461=EDGE_LOOP('',(#2286,#2287,#2288,#2289));
#462=EDGE_LOOP('',(#2290,#2291,#2292,#2293));
#463=EDGE_LOOP('',(#2294,#2295,#2296,#2297));
#464=EDGE_LOOP('',(#2298,#2299,#2300,#2301,#2302,#2303,#2304));
#465=EDGE_LOOP('',(#2305,#2306,#2307,#2308,#2309,#2310,#2311,#2312));
#466=EDGE_LOOP('',(#2313,#2314,#2315,#2316));
#467=EDGE_LOOP('',(#2317,#2318,#2319,#2320));
#468=EDGE_LOOP('',(#2321,#2322,#2323,#2324));
#469=EDGE_LOOP('',(#2325,#2326,#2327,#2328));
#470=EDGE_LOOP('',(#2329,#2330,#2331,#2332));
#471=EDGE_LOOP('',(#2333,#2334,#2335,#2336));
#472=EDGE_LOOP('',(#2337));
#473=EDGE_LOOP('',(#2338,#2339,#2340,#2341));
#474=EDGE_LOOP('',(#2342));
#475=EDGE_LOOP('',(#2343,#2344,#2345,#2346));
#476=EDGE_LOOP('',(#2347));
#477=EDGE_LOOP('',(#2348,#2349,#2350,#2351));
#478=EDGE_LOOP('',(#2352));
#479=EDGE_LOOP('',(#2353,#2354,#2355,#2356));
#480=EDGE_LOOP('',(#2357,#2358,#2359,#2360));
#481=EDGE_LOOP('',(#2361,#2362,#2363,#2364));
#482=EDGE_LOOP('',(#2365,#2366,#2367,#2368));
#483=EDGE_LOOP('',(#2369,#2370,#2371,#2372));
#484=EDGE_LOOP('',(#2373,#2374,#2375,#2376));
#485=EDGE_LOOP('',(#2377,#2378,#2379,#2380));
#486=EDGE_LOOP('',(#2381,#2382,#2383,#2384));
#487=EDGE_LOOP('',(#2385,#2386,#2387,#2388));
#488=EDGE_LOOP('',(#2389,#2390,#2391,#2392));
#489=EDGE_LOOP('',(#2393,#2394,#2395,#2396));
#490=EDGE_LOOP('',(#2397,#2398,#2399,#2400));
#491=EDGE_LOOP('',(#2401,#2402,#2403,#2404,#2405,#2406,#2407,#2408,#2409,
#2410,#2411,#2412));
#492=EDGE_LOOP('',(#2413,#2414,#2415));
#493=EDGE_LOOP('',(#2416,#2417,#2418));
#494=EDGE_LOOP('',(#2419,#2420,#2421));
#495=EDGE_LOOP('',(#2422,#2423,#2424));
#496=EDGE_LOOP('',(#2425,#2426,#2427));
#497=EDGE_LOOP('',(#2428,#2429,#2430));
#498=EDGE_LOOP('',(#2431,#2432,#2433,#2434,#2435,#2436,#2437,#2438));
#499=EDGE_LOOP('',(#2439,#2440,#2441,#2442,#2443,#2444,#2445,#2446,#2447,
#2448,#2449,#2450,#2451,#2452,#2453,#2454,#2455,#2456,#2457,#2458));
#500=EDGE_LOOP('',(#2459));
#501=EDGE_LOOP('',(#2460));
#502=EDGE_LOOP('',(#2461));
#503=EDGE_LOOP('',(#2462));
#504=EDGE_LOOP('',(#2463,#2464,#2465,#2466));
#505=EDGE_LOOP('',(#2467,#2468,#2469,#2470));
#506=EDGE_LOOP('',(#2471,#2472,#2473,#2474));
#507=EDGE_LOOP('',(#2475,#2476,#2477,#2478));
#508=EDGE_LOOP('',(#2479,#2480,#2481,#2482,#2483,#2484,#2485));
#509=EDGE_LOOP('',(#2486,#2487,#2488,#2489,#2490,#2491,#2492,#2493,#2494,
#2495,#2496,#2497,#2498,#2499,#2500,#2501,#2502,#2503,#2504,#2505));
#510=EDGE_LOOP('',(#2506,#2507,#2508,#2509,#2510,#2511));
#511=EDGE_LOOP('',(#2512,#2513,#2514,#2515));
#512=EDGE_LOOP('',(#2516,#2517,#2518,#2519));
#513=EDGE_LOOP('',(#2520,#2521,#2522,#2523));
#514=EDGE_LOOP('',(#2524,#2525,#2526,#2527));
#515=EDGE_LOOP('',(#2528,#2529,#2530,#2531));
#516=EDGE_LOOP('',(#2532,#2533,#2534,#2535));
#517=EDGE_LOOP('',(#2536,#2537,#2538,#2539));
#518=EDGE_LOOP('',(#2540,#2541,#2542,#2543));
#519=EDGE_LOOP('',(#2544,#2545,#2546,#2547));
#520=EDGE_LOOP('',(#2548,#2549,#2550,#2551));
#521=EDGE_LOOP('',(#2552,#2553,#2554,#2555));
#522=EDGE_LOOP('',(#2556,#2557,#2558,#2559));
#523=EDGE_LOOP('',(#2560,#2561,#2562,#2563));
#524=EDGE_LOOP('',(#2564,#2565,#2566,#2567));
#525=EDGE_LOOP('',(#2568,#2569,#2570,#2571));
#526=EDGE_LOOP('',(#2572,#2573,#2574,#2575));
#527=EDGE_LOOP('',(#2576,#2577,#2578,#2579));
#528=EDGE_LOOP('',(#2580,#2581,#2582,#2583,#2584,#2585));
#529=EDGE_LOOP('',(#2586,#2587,#2588,#2589,#2590,#2591));
#530=EDGE_LOOP('',(#2592,#2593,#2594,#2595));
#531=EDGE_LOOP('',(#2596,#2597,#2598,#2599,#2600,#2601));
#532=EDGE_LOOP('',(#2602,#2603,#2604,#2605));
#533=EDGE_LOOP('',(#2606));
#534=EDGE_LOOP('',(#2607,#2608,#2609,#2610,#2611,#2612));
#535=EDGE_LOOP('',(#2613,#2614,#2615,#2616));
#536=EDGE_LOOP('',(#2617));
#537=EDGE_LOOP('',(#2618,#2619,#2620,#2621,#2622,#2623));
#538=EDGE_LOOP('',(#2624,#2625,#2626,#2627));
#539=EDGE_LOOP('',(#2628));
#540=EDGE_LOOP('',(#2629,#2630,#2631,#2632,#2633,#2634));
#541=EDGE_LOOP('',(#2635,#2636,#2637,#2638));
#542=EDGE_LOOP('',(#2639,#2640,#2641,#2642));
#543=EDGE_LOOP('',(#2643,#2644,#2645,#2646));
#544=EDGE_LOOP('',(#2647,#2648,#2649,#2650));
#545=EDGE_LOOP('',(#2651,#2652,#2653,#2654));
#546=EDGE_LOOP('',(#2655,#2656,#2657,#2658));
#547=EDGE_LOOP('',(#2659,#2660,#2661,#2662));
#548=EDGE_LOOP('',(#2663,#2664,#2665,#2666));
#549=EDGE_LOOP('',(#2667,#2668,#2669,#2670));
#550=EDGE_LOOP('',(#2671,#2672,#2673,#2674));
#551=EDGE_LOOP('',(#2675,#2676,#2677,#2678));
#552=EDGE_LOOP('',(#2679));
#553=EDGE_LOOP('',(#2680,#2681,#2682,#2683));
#554=EDGE_LOOP('',(#2684,#2685,#2686,#2687));
#555=EDGE_LOOP('',(#2688,#2689,#2690,#2691));
#556=EDGE_LOOP('',(#2692,#2693,#2694,#2695));
#557=EDGE_LOOP('',(#2696,#2697,#2698,#2699));
#558=EDGE_LOOP('',(#2700));
#559=EDGE_LOOP('',(#2701,#2702,#2703,#2704));
#560=EDGE_LOOP('',(#2705,#2706,#2707,#2708));
#561=EDGE_LOOP('',(#2709,#2710,#2711,#2712));
#562=EDGE_LOOP('',(#2713,#2714,#2715,#2716));
#563=EDGE_LOOP('',(#2717,#2718,#2719,#2720));
#564=EDGE_LOOP('',(#2721,#2722,#2723,#2724));
#565=EDGE_LOOP('',(#2725));
#566=EDGE_LOOP('',(#2726,#2727,#2728,#2729));
#567=EDGE_LOOP('',(#2730,#2731,#2732,#2733));
#568=EDGE_LOOP('',(#2734,#2735,#2736,#2737));
#569=EDGE_LOOP('',(#2738,#2739,#2740,#2741));
#570=EDGE_LOOP('',(#2742,#2743,#2744,#2745));
#571=EDGE_LOOP('',(#2746,#2747,#2748,#2749));
#572=EDGE_LOOP('',(#2750,#2751,#2752,#2753));
#573=EDGE_LOOP('',(#2754,#2755,#2756,#2757));
#574=EDGE_LOOP('',(#2758));
#575=EDGE_LOOP('',(#2759,#2760,#2761,#2762));
#576=EDGE_LOOP('',(#2763,#2764,#2765,#2766));
#577=EDGE_LOOP('',(#2767,#2768,#2769,#2770));
#578=EDGE_LOOP('',(#2771,#2772,#2773,#2774));
#579=EDGE_LOOP('',(#2775,#2776,#2777,#2778));
#580=EDGE_LOOP('',(#2779));
#581=EDGE_LOOP('',(#2780));
#582=EDGE_LOOP('',(#2781));
#583=EDGE_LOOP('',(#2782));
#584=EDGE_LOOP('',(#2783));
#585=EDGE_LOOP('',(#2784));
#586=EDGE_LOOP('',(#2785));
#587=EDGE_LOOP('',(#2786));
#588=EDGE_LOOP('',(#2787));
#589=EDGE_LOOP('',(#2788,#2789,#2790,#2791));
#590=EDGE_LOOP('',(#2792,#2793,#2794,#2795));
#591=EDGE_LOOP('',(#2796,#2797,#2798,#2799,#2800,#2801,#2802,#2803,#2804,
#2805,#2806,#2807,#2808,#2809,#2810,#2811));
#592=EDGE_LOOP('',(#2812,#2813,#2814,#2815));
#593=EDGE_LOOP('',(#2816,#2817,#2818,#2819));
#594=EDGE_LOOP('',(#2820,#2821,#2822,#2823));
#595=EDGE_LOOP('',(#2824,#2825,#2826,#2827));
#596=EDGE_LOOP('',(#2828,#2829,#2830,#2831));
#597=EDGE_LOOP('',(#2832,#2833,#2834,#2835));
#598=EDGE_LOOP('',(#2836,#2837,#2838,#2839));
#599=EDGE_LOOP('',(#2840,#2841,#2842,#2843));
#600=EDGE_LOOP('',(#2844,#2845,#2846,#2847));
#601=EDGE_LOOP('',(#2848));
#602=EDGE_LOOP('',(#2849));
#603=EDGE_LOOP('',(#2850));
#604=EDGE_LOOP('',(#2851,#2852,#2853,#2854));
#605=EDGE_LOOP('',(#2855,#2856,#2857,#2858));
#606=EDGE_LOOP('',(#2859,#2860,#2861,#2862));
#607=EDGE_LOOP('',(#2863,#2864,#2865,#2866));
#608=EDGE_LOOP('',(#2867,#2868,#2869,#2870));
#609=EDGE_LOOP('',(#2871));
#610=EDGE_LOOP('',(#2872));
#611=EDGE_LOOP('',(#2873));
#612=EDGE_LOOP('',(#2874,#2875,#2876,#2877));
#613=EDGE_LOOP('',(#2878,#2879,#2880,#2881));
#614=EDGE_LOOP('',(#2882,#2883,#2884,#2885));
#615=EDGE_LOOP('',(#2886,#2887,#2888,#2889));
#616=EDGE_LOOP('',(#2890,#2891,#2892,#2893));
#617=EDGE_LOOP('',(#2894));
#618=EDGE_LOOP('',(#2895));
#619=EDGE_LOOP('',(#2896));
#620=EDGE_LOOP('',(#2897,#2898,#2899,#2900));
#621=EDGE_LOOP('',(#2901,#2902,#2903,#2904));
#622=EDGE_LOOP('',(#2905,#2906,#2907,#2908));
#623=EDGE_LOOP('',(#2909,#2910,#2911,#2912));
#624=EDGE_LOOP('',(#2913,#2914,#2915,#2916));
#625=EDGE_LOOP('',(#2917,#2918,#2919,#2920));
#626=EDGE_LOOP('',(#2921,#2922,#2923,#2924));
#627=EDGE_LOOP('',(#2925,#2926,#2927,#2928));
#628=EDGE_LOOP('',(#2929,#2930,#2931,#2932));
#629=EDGE_LOOP('',(#2933,#2934,#2935,#2936));
#630=EDGE_LOOP('',(#2937,#2938,#2939,#2940));
#631=EDGE_LOOP('',(#2941,#2942,#2943,#2944));
#632=EDGE_LOOP('',(#2945,#2946,#2947,#2948));
#633=EDGE_LOOP('',(#2949));
#634=EDGE_LOOP('',(#2950,#2951,#2952,#2953));
#635=EDGE_LOOP('',(#2954));
#636=EDGE_LOOP('',(#2955,#2956,#2957,#2958));
#637=EDGE_LOOP('',(#2959));
#638=EDGE_LOOP('',(#2960,#2961,#2962,#2963));
#639=EDGE_LOOP('',(#2964));
#640=EDGE_LOOP('',(#2965,#2966,#2967,#2968));
#641=EDGE_LOOP('',(#2969));
#642=EDGE_LOOP('',(#2970));
#643=EDGE_LOOP('',(#2971));
#644=EDGE_LOOP('',(#2972,#2973,#2974,#2975,#2976,#2977,#2978,#2979,#2980,
#2981,#2982,#2983));
#645=EDGE_LOOP('',(#2984,#2985,#2986,#2987,#2988,#2989,#2990,#2991,#2992,
#2993,#2994,#2995,#2996,#2997,#2998,#2999));
#646=EDGE_LOOP('',(#3000,#3001,#3002,#3003));
#647=EDGE_LOOP('',(#3004,#3005,#3006,#3007));
#648=EDGE_LOOP('',(#3008,#3009,#3010,#3011,#3012,#3013,#3014,#3015));
#649=EDGE_LOOP('',(#3016,#3017,#3018,#3019));
#650=EDGE_LOOP('',(#3020,#3021,#3022,#3023));
#651=LINE('',#4544,#1003);
#652=LINE('',#4546,#1004);
#653=LINE('',#4548,#1005);
#654=LINE('',#4549,#1006);
#655=LINE('',#4552,#1007);
#656=LINE('',#4554,#1008);
#657=LINE('',#4555,#1009);
#658=LINE('',#4562,#1010);
#659=LINE('',#4564,#1011);
#660=LINE('',#4566,#1012);
#661=LINE('',#4567,#1013);
#662=LINE('',#4570,#1014);
#663=LINE('',#4572,#1015);
#664=LINE('',#4573,#1016);
#665=LINE('',#4580,#1017);
#666=LINE('',#4582,#1018);
#667=LINE('',#4584,#1019);
#668=LINE('',#4585,#1020);
#669=LINE('',#4591,#1021);
#670=LINE('',#4593,#1022);
#671=LINE('',#4594,#1023);
#672=LINE('',#4600,#1024);
#673=LINE('',#4603,#1025);
#674=LINE('',#4614,#1026);
#675=LINE('',#4615,#1027);
#676=LINE('',#4626,#1028);
#677=LINE('',#4627,#1029);
#678=LINE('',#4638,#1030);
#679=LINE('',#4639,#1031);
#680=LINE('',#4645,#1032);
#681=LINE('',#4648,#1033);
#682=LINE('',#4651,#1034);
#683=LINE('',#4652,#1035);
#684=LINE('',#4663,#1036);
#685=LINE('',#4667,#1037);
#686=LINE('',#4671,#1038);
#687=LINE('',#4675,#1039);
#688=LINE('',#4679,#1040);
#689=LINE('',#4683,#1041);
#690=LINE('',#4684,#1042);
#691=LINE('',#4689,#1043);
#692=LINE('',#4690,#1044);
#693=LINE('',#4695,#1045);
#694=LINE('',#4696,#1046);
#695=LINE('',#4701,#1047);
#696=LINE('',#4702,#1048);
#697=LINE('',#4706,#1049);
#698=LINE('',#4708,#1050);
#699=LINE('',#4710,#1051);
#700=LINE('',#4711,#1052);
#701=LINE('',#4714,#1053);
#702=LINE('',#4717,#1054);
#703=LINE('',#4719,#1055);
#704=LINE('',#4722,#1056);
#705=LINE('',#4725,#1057);
#706=LINE('',#4737,#1058);
#707=LINE('',#4738,#1059);
#708=LINE('',#4739,#1060);
#709=LINE('',#4743,#1061);
#710=LINE('',#4745,#1062);
#711=LINE('',#4749,#1063);
#712=LINE('',#4750,#1064);
#713=LINE('',#4751,#1065);
#714=LINE('',#4755,#1066);
#715=LINE('',#4757,#1067);
#716=LINE('',#4761,#1068);
#717=LINE('',#4762,#1069);
#718=LINE('',#4763,#1070);
#719=LINE('',#4767,#1071);
#720=LINE('',#4769,#1072);
#721=LINE('',#4773,#1073);
#722=LINE('',#4774,#1074);
#723=LINE('',#4775,#1075);
#724=LINE('',#4779,#1076);
#725=LINE('',#4781,#1077);
#726=LINE('',#4783,#1078);
#727=LINE('',#4785,#1079);
#728=LINE('',#4786,#1080);
#729=LINE('',#4787,#1081);
#730=LINE('',#4791,#1082);
#731=LINE('',#4793,#1083);
#732=LINE('',#4794,#1084);
#733=LINE('',#4795,#1085);
#734=LINE('',#4797,#1086);
#735=LINE('',#4798,#1087);
#736=LINE('',#4804,#1088);
#737=LINE('',#4810,#1089);
#738=LINE('',#4816,#1090);
#739=LINE('',#4822,#1091);
#740=LINE('',#4827,#1092);
#741=LINE('',#4829,#1093);
#742=LINE('',#4831,#1094);
#743=LINE('',#4832,#1095);
#744=LINE('',#4836,#1096);
#745=LINE('',#4838,#1097);
#746=LINE('',#4840,#1098);
#747=LINE('',#4841,#1099);
#748=LINE('',#4845,#1100);
#749=LINE('',#4847,#1101);
#750=LINE('',#4849,#1102);
#751=LINE('',#4850,#1103);
#752=LINE('',#4854,#1104);
#753=LINE('',#4856,#1105);
#754=LINE('',#4858,#1106);
#755=LINE('',#4859,#1107);
#756=LINE('',#4863,#1108);
#757=LINE('',#4864,#1109);
#758=LINE('',#4865,#1110);
#759=LINE('',#4869,#1111);
#760=LINE('',#4870,#1112);
#761=LINE('',#4871,#1113);
#762=LINE('',#4873,#1114);
#763=LINE('',#4877,#1115);
#764=LINE('',#4878,#1116);
#765=LINE('',#4879,#1117);
#766=LINE('',#4883,#1118);
#767=LINE('',#4884,#1119);
#768=LINE('',#4885,#1120);
#769=LINE('',#4887,#1121);
#770=LINE('',#4891,#1122);
#771=LINE('',#4892,#1123);
#772=LINE('',#4893,#1124);
#773=LINE('',#4897,#1125);
#774=LINE('',#4898,#1126);
#775=LINE('',#4899,#1127);
#776=LINE('',#4901,#1128);
#777=LINE('',#4905,#1129);
#778=LINE('',#4906,#1130);
#779=LINE('',#4907,#1131);
#780=LINE('',#4910,#1132);
#781=LINE('',#4911,#1133);
#782=LINE('',#4914,#1134);
#783=LINE('',#4915,#1135);
#784=LINE('',#4917,#1136);
#785=LINE('',#4919,#1137);
#786=LINE('',#4921,#1138);
#787=LINE('',#4923,#1139);
#788=LINE('',#4925,#1140);
#789=LINE('',#4926,#1141);
#790=LINE('',#4929,#1142);
#791=LINE('',#4930,#1143);
#792=LINE('',#4931,#1144);
#793=LINE('',#4933,#1145);
#794=LINE('',#4934,#1146);
#795=LINE('',#4937,#1147);
#796=LINE('',#4939,#1148);
#797=LINE('',#4940,#1149);
#798=LINE('',#4943,#1150);
#799=LINE('',#4945,#1151);
#800=LINE('',#4947,#1152);
#801=LINE('',#4948,#1153);
#802=LINE('',#4950,#1154);
#803=LINE('',#4953,#1155);
#804=LINE('',#4954,#1156);
#805=LINE('',#4957,#1157);
#806=LINE('',#4958,#1158);
#807=LINE('',#4962,#1159);
#808=LINE('',#4964,#1160);
#809=LINE('',#4966,#1161);
#810=LINE('',#4968,#1162);
#811=LINE('',#4970,#1163);
#812=LINE('',#4972,#1164);
#813=LINE('',#4974,#1165);
#814=LINE('',#4975,#1166);
#815=LINE('',#4977,#1167);
#816=LINE('',#4979,#1168);
#817=LINE('',#4981,#1169);
#818=LINE('',#4983,#1170);
#819=LINE('',#4985,#1171);
#820=LINE('',#4987,#1172);
#821=LINE('',#4989,#1173);
#822=LINE('',#4991,#1174);
#823=LINE('',#4993,#1175);
#824=LINE('',#4995,#1176);
#825=LINE('',#4996,#1177);
#826=LINE('',#4998,#1178);
#827=LINE('',#4999,#1179);
#828=LINE('',#5003,#1180);
#829=LINE('',#5008,#1181);
#830=LINE('',#5010,#1182);
#831=LINE('',#5011,#1183);
#832=LINE('',#5016,#1184);
#833=LINE('',#5020,#1185);
#834=LINE('',#5022,#1186);
#835=LINE('',#5023,#1187);
#836=LINE('',#5028,#1188);
#837=LINE('',#5032,#1189);
#838=LINE('',#5034,#1190);
#839=LINE('',#5035,#1191);
#840=LINE('',#5039,#1192);
#841=LINE('',#5044,#1193);
#842=LINE('',#5046,#1194);
#843=LINE('',#5047,#1195);
#844=LINE('',#5051,#1196);
#845=LINE('',#5056,#1197);
#846=LINE('',#5058,#1198);
#847=LINE('',#5059,#1199);
#848=LINE('',#5064,#1200);
#849=LINE('',#5068,#1201);
#850=LINE('',#5070,#1202);
#851=LINE('',#5071,#1203);
#852=LINE('',#5075,#1204);
#853=LINE('',#5080,#1205);
#854=LINE('',#5082,#1206);
#855=LINE('',#5083,#1207);
#856=LINE('',#5088,#1208);
#857=LINE('',#5092,#1209);
#858=LINE('',#5094,#1210);
#859=LINE('',#5095,#1211);
#860=LINE('',#5098,#1212);
#861=LINE('',#5099,#1213);
#862=LINE('',#5102,#1214);
#863=LINE('',#5103,#1215);
#864=LINE('',#5105,#1216);
#865=LINE('',#5108,#1217);
#866=LINE('',#5110,#1218);
#867=LINE('',#5114,#1219);
#868=LINE('',#5116,#1220);
#869=LINE('',#5120,#1221);
#870=LINE('',#5122,#1222);
#871=LINE('',#5126,#1223);
#872=LINE('',#5130,#1224);
#873=LINE('',#5132,#1225);
#874=LINE('',#5134,#1226);
#875=LINE('',#5135,#1227);
#876=LINE('',#5139,#1228);
#877=LINE('',#5141,#1229);
#878=LINE('',#5143,#1230);
#879=LINE('',#5144,#1231);
#880=LINE('',#5148,#1232);
#881=LINE('',#5150,#1233);
#882=LINE('',#5152,#1234);
#883=LINE('',#5153,#1235);
#884=LINE('',#5157,#1236);
#885=LINE('',#5159,#1237);
#886=LINE('',#5161,#1238);
#887=LINE('',#5162,#1239);
#888=LINE('',#5166,#1240);
#889=LINE('',#5170,#1241);
#890=LINE('',#5174,#1242);
#891=LINE('',#5178,#1243);
#892=LINE('',#5182,#1244);
#893=LINE('',#5184,#1245);
#894=LINE('',#5186,#1246);
#895=LINE('',#5187,#1247);
#896=LINE('',#5190,#1248);
#897=LINE('',#5192,#1249);
#898=LINE('',#5193,#1250);
#899=LINE('',#5196,#1251);
#900=LINE('',#5197,#1252);
#901=LINE('',#5202,#1253);
#902=LINE('',#5203,#1254);
#903=LINE('',#5207,#1255);
#904=LINE('',#5209,#1256);
#905=LINE('',#5211,#1257);
#906=LINE('',#5212,#1258);
#907=LINE('',#5216,#1259);
#908=LINE('',#5218,#1260);
#909=LINE('',#5220,#1261);
#910=LINE('',#5221,#1262);
#911=LINE('',#5224,#1263);
#912=LINE('',#5226,#1264);
#913=LINE('',#5227,#1265);
#914=LINE('',#5230,#1266);
#915=LINE('',#5231,#1267);
#916=LINE('',#5237,#1268);
#917=LINE('',#5239,#1269);
#918=LINE('',#5241,#1270);
#919=LINE('',#5242,#1271);
#920=LINE('',#5245,#1272);
#921=LINE('',#5247,#1273);
#922=LINE('',#5248,#1274);
#923=LINE('',#5253,#1275);
#924=LINE('',#5257,#1276);
#925=LINE('',#5259,#1277);
#926=LINE('',#5260,#1278);
#927=LINE('',#5262,#1279);
#928=LINE('',#5263,#1280);
#929=LINE('',#5267,#1281);
#930=LINE('',#5271,#1282);
#931=LINE('',#5272,#1283);
#932=LINE('',#5274,#1284);
#933=LINE('',#5279,#1285);
#934=LINE('',#5283,#1286);
#935=LINE('',#5285,#1287);
#936=LINE('',#5286,#1288);
#937=LINE('',#5289,#1289);
#938=LINE('',#5291,#1290);
#939=LINE('',#5292,#1291);
#940=LINE('',#5294,#1292);
#941=LINE('',#5295,#1293);
#942=LINE('',#5301,#1294);
#943=LINE('',#5305,#1295);
#944=LINE('',#5307,#1296);
#945=LINE('',#5308,#1297);
#946=LINE('',#5311,#1298);
#947=LINE('',#5313,#1299);
#948=LINE('',#5314,#1300);
#949=LINE('',#5316,#1301);
#950=LINE('',#5317,#1302);
#951=LINE('',#5325,#1303);
#952=LINE('',#5328,#1304);
#953=LINE('',#5330,#1305);
#954=LINE('',#5332,#1306);
#955=LINE('',#5334,#1307);
#956=LINE('',#5335,#1308);
#957=LINE('',#5337,#1309);
#958=LINE('',#5339,#1310);
#959=LINE('',#5340,#1311);
#960=LINE('',#5342,#1312);
#961=LINE('',#5344,#1313);
#962=LINE('',#5345,#1314);
#963=LINE('',#5350,#1315);
#964=LINE('',#5354,#1316);
#965=LINE('',#5355,#1317);
#966=LINE('',#5358,#1318);
#967=LINE('',#5359,#1319);
#968=LINE('',#5361,#1320);
#969=LINE('',#5370,#1321);
#970=LINE('',#5374,#1322);
#971=LINE('',#5375,#1323);
#972=LINE('',#5378,#1324);
#973=LINE('',#5379,#1325);
#974=LINE('',#5381,#1326);
#975=LINE('',#5390,#1327);
#976=LINE('',#5394,#1328);
#977=LINE('',#5395,#1329);
#978=LINE('',#5398,#1330);
#979=LINE('',#5399,#1331);
#980=LINE('',#5401,#1332);
#981=LINE('',#5409,#1333);
#982=LINE('',#5411,#1334);
#983=LINE('',#5413,#1335);
#984=LINE('',#5415,#1336);
#985=LINE('',#5418,#1337);
#986=LINE('',#5421,#1338);
#987=LINE('',#5424,#1339);
#988=LINE('',#5425,#1340);
#989=LINE('',#5428,#1341);
#990=LINE('',#5431,#1342);
#991=LINE('',#5433,#1343);
#992=LINE('',#5436,#1344);
#993=LINE('',#5439,#1345);
#994=LINE('',#5441,#1346);
#995=LINE('',#5444,#1347);
#996=LINE('',#5447,#1348);
#997=LINE('',#5449,#1349);
#998=LINE('',#5454,#1350);
#999=LINE('',#5459,#1351);
#1000=LINE('',#5464,#1352);
#1001=LINE('',#5469,#1353);
#1002=LINE('',#5474,#1354);
#1003=VECTOR('',#3626,10.);
#1004=VECTOR('',#3627,10.);
#1005=VECTOR('',#3628,10.);
#1006=VECTOR('',#3629,10.);
#1007=VECTOR('',#3632,10.);
#1008=VECTOR('',#3633,10.);
#1009=VECTOR('',#3634,10.);
#1010=VECTOR('',#3643,10.);
#1011=VECTOR('',#3644,10.);
#1012=VECTOR('',#3645,10.);
#1013=VECTOR('',#3646,10.);
#1014=VECTOR('',#3649,10.);
#1015=VECTOR('',#3650,10.);
#1016=VECTOR('',#3651,10.);
#1017=VECTOR('',#3660,10.);
#1018=VECTOR('',#3661,10.);
#1019=VECTOR('',#3662,10.);
#1020=VECTOR('',#3663,10.);
#1021=VECTOR('',#3670,10.);
#1022=VECTOR('',#3673,10.);
#1023=VECTOR('',#3674,10.);
#1024=VECTOR('',#3679,10.);
#1025=VECTOR('',#3682,10.);
#1026=VECTOR('',#3695,10.);
#1027=VECTOR('',#3696,10.);
#1028=VECTOR('',#3709,10.);
#1029=VECTOR('',#3710,10.);
#1030=VECTOR('',#3723,10.);
#1031=VECTOR('',#3724,10.);
#1032=VECTOR('',#3733,10.);
#1033=VECTOR('',#3736,10.);
#1034=VECTOR('',#3739,10.);
#1035=VECTOR('',#3740,10.);
#1036=VECTOR('',#3749,10.);
#1037=VECTOR('',#3752,10.);
#1038=VECTOR('',#3755,10.);
#1039=VECTOR('',#3758,10.);
#1040=VECTOR('',#3763,10.);
#1041=VECTOR('',#3768,10.);
#1042=VECTOR('',#3769,10.);
#1043=VECTOR('',#3772,10.);
#1044=VECTOR('',#3773,10.);
#1045=VECTOR('',#3776,10.);
#1046=VECTOR('',#3777,10.);
#1047=VECTOR('',#3780,10.);
#1048=VECTOR('',#3781,10.);
#1049=VECTOR('',#3784,10.);
#1050=VECTOR('',#3785,10.);
#1051=VECTOR('',#3786,10.);
#1052=VECTOR('',#3787,10.);
#1053=VECTOR('',#3790,10.);
#1054=VECTOR('',#3793,10.);
#1055=VECTOR('',#3796,10.);
#1056=VECTOR('',#3799,10.);
#1057=VECTOR('',#3804,10.);
#1058=VECTOR('',#3815,10.);
#1059=VECTOR('',#3816,10.);
#1060=VECTOR('',#3817,10.);
#1061=VECTOR('',#3822,10.);
#1062=VECTOR('',#3825,10.);
#1063=VECTOR('',#3828,10.);
#1064=VECTOR('',#3829,10.);
#1065=VECTOR('',#3830,10.);
#1066=VECTOR('',#3835,10.);
#1067=VECTOR('',#3838,10.);
#1068=VECTOR('',#3841,10.);
#1069=VECTOR('',#3842,10.);
#1070=VECTOR('',#3843,10.);
#1071=VECTOR('',#3848,10.);
#1072=VECTOR('',#3851,10.);
#1073=VECTOR('',#3854,10.);
#1074=VECTOR('',#3855,10.);
#1075=VECTOR('',#3856,10.);
#1076=VECTOR('',#3859,10.);
#1077=VECTOR('',#3860,10.);
#1078=VECTOR('',#3861,10.);
#1079=VECTOR('',#3862,10.);
#1080=VECTOR('',#3863,10.);
#1081=VECTOR('',#3864,10.);
#1082=VECTOR('',#3867,10.);
#1083=VECTOR('',#3868,10.);
#1084=VECTOR('',#3869,10.);
#1085=VECTOR('',#3870,10.);
#1086=VECTOR('',#3871,10.);
#1087=VECTOR('',#3872,10.);
#1088=VECTOR('',#3879,2.);
#1089=VECTOR('',#3886,2.);
#1090=VECTOR('',#3893,2.);
#1091=VECTOR('',#3900,2.);
#1092=VECTOR('',#3905,10.);
#1093=VECTOR('',#3906,10.);
#1094=VECTOR('',#3907,10.);
#1095=VECTOR('',#3908,10.);
#1096=VECTOR('',#3911,10.);
#1097=VECTOR('',#3912,10.);
#1098=VECTOR('',#3913,10.);
#1099=VECTOR('',#3914,10.);
#1100=VECTOR('',#3917,10.);
#1101=VECTOR('',#3918,10.);
#1102=VECTOR('',#3919,10.);
#1103=VECTOR('',#3920,10.);
#1104=VECTOR('',#3923,10.);
#1105=VECTOR('',#3924,10.);
#1106=VECTOR('',#3925,10.);
#1107=VECTOR('',#3926,10.);
#1108=VECTOR('',#3929,10.);
#1109=VECTOR('',#3930,10.);
#1110=VECTOR('',#3931,10.);
#1111=VECTOR('',#3934,10.);
#1112=VECTOR('',#3935,10.);
#1113=VECTOR('',#3936,10.);
#1114=VECTOR('',#3939,10.);
#1115=VECTOR('',#3942,10.);
#1116=VECTOR('',#3943,10.);
#1117=VECTOR('',#3944,10.);
#1118=VECTOR('',#3947,10.);
#1119=VECTOR('',#3948,10.);
#1120=VECTOR('',#3949,10.);
#1121=VECTOR('',#3952,10.);
#1122=VECTOR('',#3955,10.);
#1123=VECTOR('',#3956,10.);
#1124=VECTOR('',#3957,10.);
#1125=VECTOR('',#3960,10.);
#1126=VECTOR('',#3961,10.);
#1127=VECTOR('',#3962,10.);
#1128=VECTOR('',#3965,10.);
#1129=VECTOR('',#3968,10.);
#1130=VECTOR('',#3969,10.);
#1131=VECTOR('',#3970,10.);
#1132=VECTOR('',#3973,10.);
#1133=VECTOR('',#3974,10.);
#1134=VECTOR('',#3977,10.);
#1135=VECTOR('',#3978,10.);
#1136=VECTOR('',#3981,10.);
#1137=VECTOR('',#3982,10.);
#1138=VECTOR('',#3983,10.);
#1139=VECTOR('',#3984,10.);
#1140=VECTOR('',#3985,10.);
#1141=VECTOR('',#3986,10.);
#1142=VECTOR('',#3989,10.);
#1143=VECTOR('',#3990,10.);
#1144=VECTOR('',#3991,10.);
#1145=VECTOR('',#3992,10.);
#1146=VECTOR('',#3993,10.);
#1147=VECTOR('',#3996,10.);
#1148=VECTOR('',#3997,10.);
#1149=VECTOR('',#3998,10.);
#1150=VECTOR('',#4001,10.);
#1151=VECTOR('',#4002,10.);
#1152=VECTOR('',#4003,10.);
#1153=VECTOR('',#4004,10.);
#1154=VECTOR('',#4007,10.);
#1155=VECTOR('',#4010,10.);
#1156=VECTOR('',#4011,10.);
#1157=VECTOR('',#4014,10.);
#1158=VECTOR('',#4015,10.);
#1159=VECTOR('',#4018,10.);
#1160=VECTOR('',#4019,10.);
#1161=VECTOR('',#4020,10.);
#1162=VECTOR('',#4021,10.);
#1163=VECTOR('',#4022,10.);
#1164=VECTOR('',#4023,10.);
#1165=VECTOR('',#4024,10.);
#1166=VECTOR('',#4025,10.);
#1167=VECTOR('',#4026,10.);
#1168=VECTOR('',#4027,10.);
#1169=VECTOR('',#4028,10.);
#1170=VECTOR('',#4029,10.);
#1171=VECTOR('',#4030,10.);
#1172=VECTOR('',#4031,10.);
#1173=VECTOR('',#4032,10.);
#1174=VECTOR('',#4033,10.);
#1175=VECTOR('',#4034,10.);
#1176=VECTOR('',#4035,10.);
#1177=VECTOR('',#4036,10.);
#1178=VECTOR('',#4037,10.);
#1179=VECTOR('',#4038,10.);
#1180=VECTOR('',#4041,10.);
#1181=VECTOR('',#4048,10.);
#1182=VECTOR('',#4049,10.);
#1183=VECTOR('',#4050,10.);
#1184=VECTOR('',#4055,10.);
#1185=VECTOR('',#4060,10.);
#1186=VECTOR('',#4061,10.);
#1187=VECTOR('',#4062,10.);
#1188=VECTOR('',#4067,10.);
#1189=VECTOR('',#4072,10.);
#1190=VECTOR('',#4073,10.);
#1191=VECTOR('',#4074,10.);
#1192=VECTOR('',#4077,10.);
#1193=VECTOR('',#4084,10.);
#1194=VECTOR('',#4085,10.);
#1195=VECTOR('',#4086,10.);
#1196=VECTOR('',#4089,10.);
#1197=VECTOR('',#4096,10.);
#1198=VECTOR('',#4097,10.);
#1199=VECTOR('',#4098,10.);
#1200=VECTOR('',#4103,10.);
#1201=VECTOR('',#4108,10.);
#1202=VECTOR('',#4109,10.);
#1203=VECTOR('',#4110,10.);
#1204=VECTOR('',#4113,10.);
#1205=VECTOR('',#4120,10.);
#1206=VECTOR('',#4121,10.);
#1207=VECTOR('',#4122,10.);
#1208=VECTOR('',#4127,10.);
#1209=VECTOR('',#4132,10.);
#1210=VECTOR('',#4133,10.);
#1211=VECTOR('',#4134,10.);
#1212=VECTOR('',#4137,10.);
#1213=VECTOR('',#4138,10.);
#1214=VECTOR('',#4141,10.);
#1215=VECTOR('',#4142,10.);
#1216=VECTOR('',#4145,10.);
#1217=VECTOR('',#4150,10.);
#1218=VECTOR('',#4153,10.);
#1219=VECTOR('',#4158,10.);
#1220=VECTOR('',#4161,10.);
#1221=VECTOR('',#4166,10.);
#1222=VECTOR('',#4169,10.);
#1223=VECTOR('',#4174,10.);
#1224=VECTOR('',#4177,10.);
#1225=VECTOR('',#4178,10.);
#1226=VECTOR('',#4179,10.);
#1227=VECTOR('',#4180,10.);
#1228=VECTOR('',#4183,10.);
#1229=VECTOR('',#4184,10.);
#1230=VECTOR('',#4185,10.);
#1231=VECTOR('',#4186,10.);
#1232=VECTOR('',#4189,10.);
#1233=VECTOR('',#4190,10.);
#1234=VECTOR('',#4191,10.);
#1235=VECTOR('',#4192,10.);
#1236=VECTOR('',#4195,10.);
#1237=VECTOR('',#4196,10.);
#1238=VECTOR('',#4197,10.);
#1239=VECTOR('',#4198,10.);
#1240=VECTOR('',#4203,1.55);
#1241=VECTOR('',#4208,1.55);
#1242=VECTOR('',#4213,1.55);
#1243=VECTOR('',#4218,1.55);
#1244=VECTOR('',#4221,10.);
#1245=VECTOR('',#4222,10.);
#1246=VECTOR('',#4223,10.);
#1247=VECTOR('',#4224,10.);
#1248=VECTOR('',#4227,10.);
#1249=VECTOR('',#4228,10.);
#1250=VECTOR('',#4229,10.);
#1251=VECTOR('',#4232,10.);
#1252=VECTOR('',#4233,10.);
#1253=VECTOR('',#4238,10.);
#1254=VECTOR('',#4239,10.);
#1255=VECTOR('',#4242,10.);
#1256=VECTOR('',#4243,10.);
#1257=VECTOR('',#4244,10.);
#1258=VECTOR('',#4245,10.);
#1259=VECTOR('',#4248,10.);
#1260=VECTOR('',#4249,10.);
#1261=VECTOR('',#4250,10.);
#1262=VECTOR('',#4251,10.);
#1263=VECTOR('',#4254,10.);
#1264=VECTOR('',#4255,10.);
#1265=VECTOR('',#4256,10.);
#1266=VECTOR('',#4259,10.);
#1267=VECTOR('',#4260,10.);
#1268=VECTOR('',#4265,10.);
#1269=VECTOR('',#4266,10.);
#1270=VECTOR('',#4267,10.);
#1271=VECTOR('',#4268,10.);
#1272=VECTOR('',#4271,10.);
#1273=VECTOR('',#4272,10.);
#1274=VECTOR('',#4273,10.);
#1275=VECTOR('',#4278,2.);
#1276=VECTOR('',#4283,10.);
#1277=VECTOR('',#4284,10.);
#1278=VECTOR('',#4285,10.);
#1279=VECTOR('',#4288,10.);
#1280=VECTOR('',#4289,10.);
#1281=VECTOR('',#4294,2.);
#1282=VECTOR('',#4299,10.);
#1283=VECTOR('',#4300,10.);
#1284=VECTOR('',#4303,10.);
#1285=VECTOR('',#4308,2.);
#1286=VECTOR('',#4313,10.);
#1287=VECTOR('',#4314,10.);
#1288=VECTOR('',#4315,10.);
#1289=VECTOR('',#4318,10.);
#1290=VECTOR('',#4319,10.);
#1291=VECTOR('',#4320,10.);
#1292=VECTOR('',#4323,10.);
#1293=VECTOR('',#4324,10.);
#1294=VECTOR('',#4331,2.);
#1295=VECTOR('',#4336,10.);
#1296=VECTOR('',#4337,10.);
#1297=VECTOR('',#4338,10.);
#1298=VECTOR('',#4341,10.);
#1299=VECTOR('',#4342,10.);
#1300=VECTOR('',#4343,10.);
#1301=VECTOR('',#4346,10.);
#1302=VECTOR('',#4347,10.);
#1303=VECTOR('',#4360,2.);
#1304=VECTOR('',#4365,10.);
#1305=VECTOR('',#4368,10.);
#1306=VECTOR('',#4369,10.);
#1307=VECTOR('',#4370,10.);
#1308=VECTOR('',#4371,10.);
#1309=VECTOR('',#4372,10.);
#1310=VECTOR('',#4373,10.);
#1311=VECTOR('',#4374,10.);
#1312=VECTOR('',#4375,10.);
#1313=VECTOR('',#4376,10.);
#1314=VECTOR('',#4377,10.);
#1315=VECTOR('',#4382,2.);
#1316=VECTOR('',#4387,10.);
#1317=VECTOR('',#4388,10.);
#1318=VECTOR('',#4391,10.);
#1319=VECTOR('',#4392,10.);
#1320=VECTOR('',#4395,10.);
#1321=VECTOR('',#4406,2.);
#1322=VECTOR('',#4411,10.);
#1323=VECTOR('',#4412,10.);
#1324=VECTOR('',#4415,10.);
#1325=VECTOR('',#4416,10.);
#1326=VECTOR('',#4419,10.);
#1327=VECTOR('',#4430,2.);
#1328=VECTOR('',#4435,10.);
#1329=VECTOR('',#4436,10.);
#1330=VECTOR('',#4439,10.);
#1331=VECTOR('',#4440,10.);
#1332=VECTOR('',#4443,10.);
#1333=VECTOR('',#4454,1.55);
#1334=VECTOR('',#4457,1.55);
#1335=VECTOR('',#4460,1.55);
#1336=VECTOR('',#4463,1.55);
#1337=VECTOR('',#4466,10.);
#1338=VECTOR('',#4469,10.);
#1339=VECTOR('',#4472,10.);
#1340=VECTOR('',#4473,10.);
#1341=VECTOR('',#4476,10.);
#1342=VECTOR('',#4479,10.);
#1343=VECTOR('',#4482,10.);
#1344=VECTOR('',#4485,10.);
#1345=VECTOR('',#4488,10.);
#1346=VECTOR('',#4491,10.);
#1347=VECTOR('',#4494,10.);
#1348=VECTOR('',#4499,10.);
#1349=VECTOR('',#4502,10.);
#1350=VECTOR('',#4507,2.);
#1351=VECTOR('',#4514,2.);
#1352=VECTOR('',#4521,2.);
#1353=VECTOR('',#4528,2.);
#1354=VECTOR('',#4537,10.);
#1355=VERTEX_POINT('',#4542);
#1356=VERTEX_POINT('',#4543);
#1357=VERTEX_POINT('',#4545);
#1358=VERTEX_POINT('',#4547);
#1359=VERTEX_POINT('',#4551);
#1360=VERTEX_POINT('',#4553);
#1361=VERTEX_POINT('',#4560);
#1362=VERTEX_POINT('',#4561);
#1363=VERTEX_POINT('',#4563);
#1364=VERTEX_POINT('',#4565);
#1365=VERTEX_POINT('',#4569);
#1366=VERTEX_POINT('',#4571);
#1367=VERTEX_POINT('',#4578);
#1368=VERTEX_POINT('',#4579);
#1369=VERTEX_POINT('',#4581);
#1370=VERTEX_POINT('',#4583);
#1371=VERTEX_POINT('',#4587);
#1372=VERTEX_POINT('',#4589);
#1373=VERTEX_POINT('',#4596);
#1374=VERTEX_POINT('',#4597);
#1375=VERTEX_POINT('',#4599);
#1376=VERTEX_POINT('',#4601);
#1377=VERTEX_POINT('',#4605);
#1378=VERTEX_POINT('',#4606);
#1379=VERTEX_POINT('',#4611);
#1380=VERTEX_POINT('',#4612);
#1381=VERTEX_POINT('',#4617);
#1382=VERTEX_POINT('',#4618);
#1383=VERTEX_POINT('',#4623);
#1384=VERTEX_POINT('',#4624);
#1385=VERTEX_POINT('',#4629);
#1386=VERTEX_POINT('',#4630);
#1387=VERTEX_POINT('',#4635);
#1388=VERTEX_POINT('',#4636);
#1389=VERTEX_POINT('',#4644);
#1390=VERTEX_POINT('',#4646);
#1391=VERTEX_POINT('',#4650);
#1392=VERTEX_POINT('',#4653);
#1393=VERTEX_POINT('',#4655);
#1394=VERTEX_POINT('',#4657);
#1395=VERTEX_POINT('',#4659);
#1396=VERTEX_POINT('',#4661);
#1397=VERTEX_POINT('',#4662);
#1398=VERTEX_POINT('',#4664);
#1399=VERTEX_POINT('',#4666);
#1400=VERTEX_POINT('',#4668);
#1401=VERTEX_POINT('',#4670);
#1402=VERTEX_POINT('',#4672);
#1403=VERTEX_POINT('',#4674);
#1404=VERTEX_POINT('',#4678);
#1405=VERTEX_POINT('',#4682);
#1406=VERTEX_POINT('',#4685);
#1407=VERTEX_POINT('',#4686);
#1408=VERTEX_POINT('',#4688);
#1409=VERTEX_POINT('',#4691);
#1410=VERTEX_POINT('',#4692);
#1411=VERTEX_POINT('',#4694);
#1412=VERTEX_POINT('',#4697);
#1413=VERTEX_POINT('',#4698);
#1414=VERTEX_POINT('',#4700);
#1415=VERTEX_POINT('',#4704);
#1416=VERTEX_POINT('',#4705);
#1417=VERTEX_POINT('',#4707);
#1418=VERTEX_POINT('',#4709);
#1419=VERTEX_POINT('',#4713);
#1420=VERTEX_POINT('',#4715);
#1421=VERTEX_POINT('',#4721);
#1422=VERTEX_POINT('',#4726);
#1423=VERTEX_POINT('',#4728);
#1424=VERTEX_POINT('',#4730);
#1425=VERTEX_POINT('',#4732);
#1426=VERTEX_POINT('',#4735);
#1427=VERTEX_POINT('',#4736);
#1428=VERTEX_POINT('',#4741);
#1429=VERTEX_POINT('',#4747);
#1430=VERTEX_POINT('',#4748);
#1431=VERTEX_POINT('',#4753);
#1432=VERTEX_POINT('',#4759);
#1433=VERTEX_POINT('',#4760);
#1434=VERTEX_POINT('',#4765);
#1435=VERTEX_POINT('',#4771);
#1436=VERTEX_POINT('',#4772);
#1437=VERTEX_POINT('',#4777);
#1438=VERTEX_POINT('',#4778);
#1439=VERTEX_POINT('',#4780);
#1440=VERTEX_POINT('',#4782);
#1441=VERTEX_POINT('',#4784);
#1442=VERTEX_POINT('',#4789);
#1443=VERTEX_POINT('',#4790);
#1444=VERTEX_POINT('',#4792);
#1445=VERTEX_POINT('',#4796);
#1446=VERTEX_POINT('',#4801);
#1447=VERTEX_POINT('',#4803);
#1448=VERTEX_POINT('',#4807);
#1449=VERTEX_POINT('',#4809);
#1450=VERTEX_POINT('',#4813);
#1451=VERTEX_POINT('',#4815);
#1452=VERTEX_POINT('',#4819);
#1453=VERTEX_POINT('',#4821);
#1454=VERTEX_POINT('',#4825);
#1455=VERTEX_POINT('',#4826);
#1456=VERTEX_POINT('',#4828);
#1457=VERTEX_POINT('',#4830);
#1458=VERTEX_POINT('',#4834);
#1459=VERTEX_POINT('',#4835);
#1460=VERTEX_POINT('',#4837);
#1461=VERTEX_POINT('',#4839);
#1462=VERTEX_POINT('',#4843);
#1463=VERTEX_POINT('',#4844);
#1464=VERTEX_POINT('',#4846);
#1465=VERTEX_POINT('',#4848);
#1466=VERTEX_POINT('',#4852);
#1467=VERTEX_POINT('',#4853);
#1468=VERTEX_POINT('',#4855);
#1469=VERTEX_POINT('',#4857);
#1470=VERTEX_POINT('',#4861);
#1471=VERTEX_POINT('',#4862);
#1472=VERTEX_POINT('',#4867);
#1473=VERTEX_POINT('',#4868);
#1474=VERTEX_POINT('',#4875);
#1475=VERTEX_POINT('',#4876);
#1476=VERTEX_POINT('',#4881);
#1477=VERTEX_POINT('',#4882);
#1478=VERTEX_POINT('',#4889);
#1479=VERTEX_POINT('',#4890);
#1480=VERTEX_POINT('',#4895);
#1481=VERTEX_POINT('',#4896);
#1482=VERTEX_POINT('',#4903);
#1483=VERTEX_POINT('',#4904);
#1484=VERTEX_POINT('',#4909);
#1485=VERTEX_POINT('',#4913);
#1486=VERTEX_POINT('',#4918);
#1487=VERTEX_POINT('',#4920);
#1488=VERTEX_POINT('',#4922);
#1489=VERTEX_POINT('',#4924);
#1490=VERTEX_POINT('',#4928);
#1491=VERTEX_POINT('',#4932);
#1492=VERTEX_POINT('',#4936);
#1493=VERTEX_POINT('',#4938);
#1494=VERTEX_POINT('',#4942);
#1495=VERTEX_POINT('',#4944);
#1496=VERTEX_POINT('',#4946);
#1497=VERTEX_POINT('',#4952);
#1498=VERTEX_POINT('',#4956);
#1499=VERTEX_POINT('',#4960);
#1500=VERTEX_POINT('',#4961);
#1501=VERTEX_POINT('',#4963);
#1502=VERTEX_POINT('',#4965);
#1503=VERTEX_POINT('',#4967);
#1504=VERTEX_POINT('',#4969);
#1505=VERTEX_POINT('',#4971);
#1506=VERTEX_POINT('',#4973);
#1507=VERTEX_POINT('',#4976);
#1508=VERTEX_POINT('',#4978);
#1509=VERTEX_POINT('',#4980);
#1510=VERTEX_POINT('',#4982);
#1511=VERTEX_POINT('',#4984);
#1512=VERTEX_POINT('',#4986);
#1513=VERTEX_POINT('',#4988);
#1514=VERTEX_POINT('',#4990);
#1515=VERTEX_POINT('',#4992);
#1516=VERTEX_POINT('',#4994);
#1517=VERTEX_POINT('',#4997);
#1518=VERTEX_POINT('',#5001);
#1519=VERTEX_POINT('',#5002);
#1520=VERTEX_POINT('',#5007);
#1521=VERTEX_POINT('',#5009);
#1522=VERTEX_POINT('',#5013);
#1523=VERTEX_POINT('',#5015);
#1524=VERTEX_POINT('',#5019);
#1525=VERTEX_POINT('',#5021);
#1526=VERTEX_POINT('',#5025);
#1527=VERTEX_POINT('',#5027);
#1528=VERTEX_POINT('',#5031);
#1529=VERTEX_POINT('',#5033);
#1530=VERTEX_POINT('',#5037);
#1531=VERTEX_POINT('',#5038);
#1532=VERTEX_POINT('',#5043);
#1533=VERTEX_POINT('',#5045);
#1534=VERTEX_POINT('',#5049);
#1535=VERTEX_POINT('',#5050);
#1536=VERTEX_POINT('',#5055);
#1537=VERTEX_POINT('',#5057);
#1538=VERTEX_POINT('',#5061);
#1539=VERTEX_POINT('',#5063);
#1540=VERTEX_POINT('',#5067);
#1541=VERTEX_POINT('',#5069);
#1542=VERTEX_POINT('',#5073);
#1543=VERTEX_POINT('',#5074);
#1544=VERTEX_POINT('',#5079);
#1545=VERTEX_POINT('',#5081);
#1546=VERTEX_POINT('',#5085);
#1547=VERTEX_POINT('',#5087);
#1548=VERTEX_POINT('',#5091);
#1549=VERTEX_POINT('',#5093);
#1550=VERTEX_POINT('',#5097);
#1551=VERTEX_POINT('',#5101);
#1552=VERTEX_POINT('',#5111);
#1553=VERTEX_POINT('',#5117);
#1554=VERTEX_POINT('',#5123);
#1555=VERTEX_POINT('',#5128);
#1556=VERTEX_POINT('',#5129);
#1557=VERTEX_POINT('',#5131);
#1558=VERTEX_POINT('',#5133);
#1559=VERTEX_POINT('',#5137);
#1560=VERTEX_POINT('',#5138);
#1561=VERTEX_POINT('',#5140);
#1562=VERTEX_POINT('',#5142);
#1563=VERTEX_POINT('',#5146);
#1564=VERTEX_POINT('',#5147);
#1565=VERTEX_POINT('',#5149);
#1566=VERTEX_POINT('',#5151);
#1567=VERTEX_POINT('',#5155);
#1568=VERTEX_POINT('',#5156);
#1569=VERTEX_POINT('',#5158);
#1570=VERTEX_POINT('',#5160);
#1571=VERTEX_POINT('',#5164);
#1572=VERTEX_POINT('',#5168);
#1573=VERTEX_POINT('',#5172);
#1574=VERTEX_POINT('',#5176);
#1575=VERTEX_POINT('',#5180);
#1576=VERTEX_POINT('',#5181);
#1577=VERTEX_POINT('',#5183);
#1578=VERTEX_POINT('',#5185);
#1579=VERTEX_POINT('',#5189);
#1580=VERTEX_POINT('',#5191);
#1581=VERTEX_POINT('',#5195);
#1582=VERTEX_POINT('',#5198);
#1583=VERTEX_POINT('',#5201);
#1584=VERTEX_POINT('',#5205);
#1585=VERTEX_POINT('',#5206);
#1586=VERTEX_POINT('',#5208);
#1587=VERTEX_POINT('',#5210);
#1588=VERTEX_POINT('',#5214);
#1589=VERTEX_POINT('',#5215);
#1590=VERTEX_POINT('',#5217);
#1591=VERTEX_POINT('',#5219);
#1592=VERTEX_POINT('',#5223);
#1593=VERTEX_POINT('',#5225);
#1594=VERTEX_POINT('',#5229);
#1595=VERTEX_POINT('',#5232);
#1596=VERTEX_POINT('',#5235);
#1597=VERTEX_POINT('',#5236);
#1598=VERTEX_POINT('',#5238);
#1599=VERTEX_POINT('',#5240);
#1600=VERTEX_POINT('',#5244);
#1601=VERTEX_POINT('',#5246);
#1602=VERTEX_POINT('',#5250);
#1603=VERTEX_POINT('',#5252);
#1604=VERTEX_POINT('',#5256);
#1605=VERTEX_POINT('',#5258);
#1606=VERTEX_POINT('',#5266);
#1607=VERTEX_POINT('',#5270);
#1608=VERTEX_POINT('',#5276);
#1609=VERTEX_POINT('',#5278);
#1610=VERTEX_POINT('',#5282);
#1611=VERTEX_POINT('',#5284);
#1612=VERTEX_POINT('',#5288);
#1613=VERTEX_POINT('',#5290);
#1614=VERTEX_POINT('',#5298);
#1615=VERTEX_POINT('',#5300);
#1616=VERTEX_POINT('',#5304);
#1617=VERTEX_POINT('',#5306);
#1618=VERTEX_POINT('',#5310);
#1619=VERTEX_POINT('',#5312);
#1620=VERTEX_POINT('',#5324);
#1621=VERTEX_POINT('',#5331);
#1622=VERTEX_POINT('',#5333);
#1623=VERTEX_POINT('',#5336);
#1624=VERTEX_POINT('',#5338);
#1625=VERTEX_POINT('',#5341);
#1626=VERTEX_POINT('',#5343);
#1627=VERTEX_POINT('',#5347);
#1628=VERTEX_POINT('',#5349);
#1629=VERTEX_POINT('',#5353);
#1630=VERTEX_POINT('',#5357);
#1631=VERTEX_POINT('',#5364);
#1632=VERTEX_POINT('',#5367);
#1633=VERTEX_POINT('',#5369);
#1634=VERTEX_POINT('',#5373);
#1635=VERTEX_POINT('',#5377);
#1636=VERTEX_POINT('',#5384);
#1637=VERTEX_POINT('',#5387);
#1638=VERTEX_POINT('',#5389);
#1639=VERTEX_POINT('',#5393);
#1640=VERTEX_POINT('',#5397);
#1641=VERTEX_POINT('',#5404);
#1642=VERTEX_POINT('',#5407);
#1643=VERTEX_POINT('',#5417);
#1644=VERTEX_POINT('',#5419);
#1645=VERTEX_POINT('',#5423);
#1646=VERTEX_POINT('',#5427);
#1647=VERTEX_POINT('',#5429);
#1648=VERTEX_POINT('',#5435);
#1649=VERTEX_POINT('',#5437);
#1650=VERTEX_POINT('',#5443);
#1651=VERTEX_POINT('',#5450);
#1652=VERTEX_POINT('',#5453);
#1653=VERTEX_POINT('',#5458);
#1654=VERTEX_POINT('',#5463);
#1655=VERTEX_POINT('',#5468);
#1656=EDGE_CURVE('',#1355,#1356,#651,.T.);
#1657=EDGE_CURVE('',#1357,#1355,#652,.T.);
#1658=EDGE_CURVE('',#1358,#1357,#653,.T.);
#1659=EDGE_CURVE('',#1356,#1358,#654,.T.);
#1660=EDGE_CURVE('',#1356,#1359,#655,.T.);
#1661=EDGE_CURVE('',#1360,#1358,#656,.T.);
#1662=EDGE_CURVE('',#1360,#1359,#657,.T.);
#1663=EDGE_CURVE('',#1359,#1355,#84,.T.);
#1664=EDGE_CURVE('',#1357,#1360,#85,.T.);
#1665=EDGE_CURVE('',#1361,#1362,#658,.T.);
#1666=EDGE_CURVE('',#1363,#1361,#659,.T.);
#1667=EDGE_CURVE('',#1364,#1363,#660,.T.);
#1668=EDGE_CURVE('',#1362,#1364,#661,.T.);
#1669=EDGE_CURVE('',#1362,#1365,#662,.T.);
#1670=EDGE_CURVE('',#1366,#1364,#663,.T.);
#1671=EDGE_CURVE('',#1366,#1365,#664,.T.);
#1672=EDGE_CURVE('',#1365,#1361,#86,.T.);
#1673=EDGE_CURVE('',#1363,#1366,#87,.T.);
#1674=EDGE_CURVE('',#1367,#1368,#665,.T.);
#1675=EDGE_CURVE('',#1367,#1369,#666,.T.);
#1676=EDGE_CURVE('',#1370,#1369,#667,.T.);
#1677=EDGE_CURVE('',#1370,#1368,#668,.T.);
#1678=EDGE_CURVE('',#1368,#1371,#88,.T.);
#1679=EDGE_CURVE('',#1372,#1370,#89,.T.);
#1680=EDGE_CURVE('',#1372,#1371,#669,.T.);
#1681=EDGE_CURVE('',#1371,#1367,#670,.T.);
#1682=EDGE_CURVE('',#1369,#1372,#671,.T.);
#1683=EDGE_CURVE('',#1373,#1374,#90,.T.);
#1684=EDGE_CURVE('',#1374,#1375,#672,.T.);
#1685=EDGE_CURVE('',#1375,#1376,#91,.T.);
#1686=EDGE_CURVE('',#1376,#1373,#673,.T.);
#1687=EDGE_CURVE('',#1377,#1378,#92,.T.);
#1688=EDGE_CURVE('',#1378,#1376,#93,.T.);
#1689=EDGE_CURVE('',#1375,#1377,#94,.T.);
#1690=EDGE_CURVE('',#1379,#1380,#95,.T.);
#1691=EDGE_CURVE('',#1380,#1378,#674,.T.);
#1692=EDGE_CURVE('',#1377,#1379,#675,.T.);
#1693=EDGE_CURVE('',#1381,#1382,#96,.T.);
#1694=EDGE_CURVE('',#1382,#1380,#97,.T.);
#1695=EDGE_CURVE('',#1379,#1381,#98,.T.);
#1696=EDGE_CURVE('',#1383,#1384,#99,.T.);
#1697=EDGE_CURVE('',#1384,#1382,#676,.T.);
#1698=EDGE_CURVE('',#1381,#1383,#677,.T.);
#1699=EDGE_CURVE('',#1385,#1386,#100,.T.);
#1700=EDGE_CURVE('',#1386,#1384,#101,.T.);
#1701=EDGE_CURVE('',#1383,#1385,#102,.T.);
#1702=EDGE_CURVE('',#1387,#1388,#103,.T.);
#1703=EDGE_CURVE('',#1388,#1386,#678,.T.);
#1704=EDGE_CURVE('',#1385,#1387,#679,.T.);
#1705=EDGE_CURVE('',#1373,#1388,#104,.T.);
#1706=EDGE_CURVE('',#1387,#1374,#105,.T.);
#1707=EDGE_CURVE('',#1386,#1389,#680,.T.);
#1708=EDGE_CURVE('',#1389,#1390,#106,.T.);
#1709=EDGE_CURVE('',#1390,#1384,#681,.T.);
#1710=EDGE_CURVE('',#1391,#1388,#682,.T.);
#1711=EDGE_CURVE('',#1389,#1391,#683,.T.);
#1712=EDGE_CURVE('',#1392,#1392,#107,.T.);
#1713=EDGE_CURVE('',#1393,#1393,#108,.T.);
#1714=EDGE_CURVE('',#1394,#1394,#109,.T.);
#1715=EDGE_CURVE('',#1395,#1395,#110,.T.);
#1716=EDGE_CURVE('',#1396,#1397,#684,.T.);
#1717=EDGE_CURVE('',#1397,#1398,#111,.T.);
#1718=EDGE_CURVE('',#1398,#1399,#685,.T.);
#1719=EDGE_CURVE('',#1399,#1400,#112,.T.);
#1720=EDGE_CURVE('',#1400,#1401,#686,.T.);
#1721=EDGE_CURVE('',#1401,#1402,#113,.T.);
#1722=EDGE_CURVE('',#1402,#1403,#687,.T.);
#1723=EDGE_CURVE('',#1403,#1396,#114,.T.);
#1724=EDGE_CURVE('',#1373,#1404,#688,.T.);
#1725=EDGE_CURVE('',#1404,#1391,#115,.T.);
#1726=EDGE_CURVE('',#1405,#1376,#689,.T.);
#1727=EDGE_CURVE('',#1405,#1404,#690,.T.);
#1728=EDGE_CURVE('',#1406,#1407,#116,.T.);
#1729=EDGE_CURVE('',#1407,#1408,#691,.T.);
#1730=EDGE_CURVE('',#1408,#1406,#692,.T.);
#1731=EDGE_CURVE('',#1409,#1410,#117,.T.);
#1732=EDGE_CURVE('',#1410,#1411,#693,.T.);
#1733=EDGE_CURVE('',#1411,#1409,#694,.T.);
#1734=EDGE_CURVE('',#1412,#1413,#118,.T.);
#1735=EDGE_CURVE('',#1413,#1414,#695,.T.);
#1736=EDGE_CURVE('',#1414,#1412,#696,.T.);
#1737=EDGE_CURVE('',#1415,#1416,#697,.T.);
#1738=EDGE_CURVE('',#1416,#1417,#698,.T.);
#1739=EDGE_CURVE('',#1417,#1418,#699,.T.);
#1740=EDGE_CURVE('',#1418,#1415,#700,.T.);
#1741=EDGE_CURVE('',#1382,#1419,#701,.T.);
#1742=EDGE_CURVE('',#1419,#1420,#119,.T.);
#1743=EDGE_CURVE('',#1420,#1380,#702,.T.);
#1744=EDGE_CURVE('',#1419,#1390,#703,.T.);
#1745=EDGE_CURVE('',#1378,#1421,#704,.T.);
#1746=EDGE_CURVE('',#1421,#1405,#120,.T.);
#1747=EDGE_CURVE('',#1420,#1421,#705,.T.);
#1748=EDGE_CURVE('',#1422,#1422,#121,.T.);
#1749=EDGE_CURVE('',#1423,#1423,#122,.T.);
#1750=EDGE_CURVE('',#1424,#1424,#123,.T.);
#1751=EDGE_CURVE('',#1425,#1425,#124,.T.);
#1752=EDGE_CURVE('',#1426,#1427,#706,.T.);
#1753=EDGE_CURVE('',#1414,#1426,#707,.T.);
#1754=EDGE_CURVE('',#1427,#1413,#708,.T.);
#1755=EDGE_CURVE('',#1427,#1428,#125,.T.);
#1756=EDGE_CURVE('',#1412,#1428,#709,.T.);
#1757=EDGE_CURVE('',#1428,#1426,#710,.T.);
#1758=EDGE_CURVE('',#1429,#1430,#711,.T.);
#1759=EDGE_CURVE('',#1411,#1429,#712,.T.);
#1760=EDGE_CURVE('',#1430,#1410,#713,.T.);
#1761=EDGE_CURVE('',#1430,#1431,#126,.T.);
#1762=EDGE_CURVE('',#1409,#1431,#714,.T.);
#1763=EDGE_CURVE('',#1431,#1429,#715,.T.);
#1764=EDGE_CURVE('',#1432,#1433,#716,.T.);
#1765=EDGE_CURVE('',#1408,#1432,#717,.T.);
#1766=EDGE_CURVE('',#1433,#1407,#718,.T.);
#1767=EDGE_CURVE('',#1433,#1434,#127,.T.);
#1768=EDGE_CURVE('',#1406,#1434,#719,.T.);
#1769=EDGE_CURVE('',#1434,#1432,#720,.T.);
#1770=EDGE_CURVE('',#1435,#1436,#721,.T.);
#1771=EDGE_CURVE('',#1417,#1435,#722,.T.);
#1772=EDGE_CURVE('',#1436,#1416,#723,.T.);
#1773=EDGE_CURVE('',#1437,#1438,#724,.T.);
#1774=EDGE_CURVE('',#1439,#1437,#725,.T.);
#1775=EDGE_CURVE('',#1440,#1439,#726,.T.);
#1776=EDGE_CURVE('',#1441,#1440,#727,.T.);
#1777=EDGE_CURVE('',#1415,#1441,#728,.T.);
#1778=EDGE_CURVE('',#1438,#1418,#729,.T.);
#1779=EDGE_CURVE('',#1442,#1443,#730,.T.);
#1780=EDGE_CURVE('',#1444,#1442,#731,.T.);
#1781=EDGE_CURVE('',#1444,#1437,#732,.T.);
#1782=EDGE_CURVE('',#1438,#1435,#733,.T.);
#1783=EDGE_CURVE('',#1445,#1436,#734,.T.);
#1784=EDGE_CURVE('',#1443,#1445,#735,.T.);
#1785=EDGE_CURVE('',#1446,#1446,#128,.T.);
#1786=EDGE_CURVE('',#1446,#1447,#736,.T.);
#1787=EDGE_CURVE('',#1447,#1447,#15,.T.);
#1788=EDGE_CURVE('',#1448,#1448,#129,.T.);
#1789=EDGE_CURVE('',#1448,#1449,#737,.T.);
#1790=EDGE_CURVE('',#1449,#1449,#16,.T.);
#1791=EDGE_CURVE('',#1450,#1450,#130,.T.);
#1792=EDGE_CURVE('',#1450,#1451,#738,.T.);
#1793=EDGE_CURVE('',#1451,#1451,#17,.T.);
#1794=EDGE_CURVE('',#1452,#1452,#131,.T.);
#1795=EDGE_CURVE('',#1452,#1453,#739,.T.);
#1796=EDGE_CURVE('',#1453,#1453,#18,.T.);
#1797=EDGE_CURVE('',#1454,#1455,#740,.T.);
#1798=EDGE_CURVE('',#1455,#1456,#741,.T.);
#1799=EDGE_CURVE('',#1456,#1457,#742,.T.);
#1800=EDGE_CURVE('',#1457,#1454,#743,.T.);
#1801=EDGE_CURVE('',#1458,#1459,#744,.T.);
#1802=EDGE_CURVE('',#1459,#1460,#745,.T.);
#1803=EDGE_CURVE('',#1460,#1461,#746,.T.);
#1804=EDGE_CURVE('',#1461,#1458,#747,.T.);
#1805=EDGE_CURVE('',#1462,#1463,#748,.T.);
#1806=EDGE_CURVE('',#1463,#1464,#749,.T.);
#1807=EDGE_CURVE('',#1464,#1465,#750,.T.);
#1808=EDGE_CURVE('',#1465,#1462,#751,.T.);
#1809=EDGE_CURVE('',#1466,#1467,#752,.T.);
#1810=EDGE_CURVE('',#1467,#1468,#753,.T.);
#1811=EDGE_CURVE('',#1468,#1469,#754,.T.);
#1812=EDGE_CURVE('',#1469,#1466,#755,.T.);
#1813=EDGE_CURVE('',#1470,#1471,#756,.T.);
#1814=EDGE_CURVE('',#1471,#1455,#757,.T.);
#1815=EDGE_CURVE('',#1470,#1454,#758,.T.);
#1816=EDGE_CURVE('',#1472,#1473,#759,.T.);
#1817=EDGE_CURVE('',#1457,#1473,#760,.T.);
#1818=EDGE_CURVE('',#1472,#1456,#761,.T.);
#1819=EDGE_CURVE('',#1471,#1472,#762,.T.);
#1820=EDGE_CURVE('',#1474,#1475,#763,.T.);
#1821=EDGE_CURVE('',#1475,#1467,#764,.T.);
#1822=EDGE_CURVE('',#1474,#1466,#765,.T.);
#1823=EDGE_CURVE('',#1476,#1477,#766,.T.);
#1824=EDGE_CURVE('',#1469,#1477,#767,.T.);
#1825=EDGE_CURVE('',#1476,#1468,#768,.T.);
#1826=EDGE_CURVE('',#1475,#1476,#769,.T.);
#1827=EDGE_CURVE('',#1478,#1479,#770,.T.);
#1828=EDGE_CURVE('',#1478,#1459,#771,.T.);
#1829=EDGE_CURVE('',#1479,#1458,#772,.T.);
#1830=EDGE_CURVE('',#1480,#1481,#773,.T.);
#1831=EDGE_CURVE('',#1461,#1480,#774,.T.);
#1832=EDGE_CURVE('',#1481,#1460,#775,.T.);
#1833=EDGE_CURVE('',#1481,#1478,#776,.T.);
#1834=EDGE_CURVE('',#1482,#1483,#777,.T.);
#1835=EDGE_CURVE('',#1465,#1482,#778,.T.);
#1836=EDGE_CURVE('',#1483,#1464,#779,.T.);
#1837=EDGE_CURVE('',#1483,#1484,#780,.T.);
#1838=EDGE_CURVE('',#1484,#1463,#781,.T.);
#1839=EDGE_CURVE('',#1484,#1485,#782,.T.);
#1840=EDGE_CURVE('',#1485,#1462,#783,.T.);
#1841=EDGE_CURVE('',#1474,#1482,#784,.T.);
#1842=EDGE_CURVE('',#1486,#1477,#785,.T.);
#1843=EDGE_CURVE('',#1487,#1486,#786,.T.);
#1844=EDGE_CURVE('',#1488,#1487,#787,.T.);
#1845=EDGE_CURVE('',#1488,#1489,#788,.T.);
#1846=EDGE_CURVE('',#1485,#1489,#789,.T.);
#1847=EDGE_CURVE('',#1489,#1490,#790,.T.);
#1848=EDGE_CURVE('',#1490,#1473,#791,.T.);
#1849=EDGE_CURVE('',#1470,#1480,#792,.T.);
#1850=EDGE_CURVE('',#1479,#1491,#793,.T.);
#1851=EDGE_CURVE('',#1491,#1486,#794,.T.);
#1852=EDGE_CURVE('',#1443,#1492,#795,.T.);
#1853=EDGE_CURVE('',#1492,#1493,#796,.T.);
#1854=EDGE_CURVE('',#1493,#1442,#797,.T.);
#1855=EDGE_CURVE('',#1445,#1494,#798,.T.);
#1856=EDGE_CURVE('',#1494,#1495,#799,.T.);
#1857=EDGE_CURVE('',#1495,#1496,#800,.T.);
#1858=EDGE_CURVE('',#1496,#1445,#801,.T.);
#1859=EDGE_CURVE('',#1496,#1492,#802,.T.);
#1860=EDGE_CURVE('',#1493,#1497,#803,.T.);
#1861=EDGE_CURVE('',#1497,#1444,#804,.F.);
#1862=EDGE_CURVE('',#1498,#1441,#805,.T.);
#1863=EDGE_CURVE('',#1498,#1494,#806,.T.);
#1864=EDGE_CURVE('',#1499,#1500,#807,.T.);
#1865=EDGE_CURVE('',#1500,#1501,#808,.T.);
#1866=EDGE_CURVE('',#1502,#1501,#809,.T.);
#1867=EDGE_CURVE('',#1502,#1503,#810,.T.);
#1868=EDGE_CURVE('',#1503,#1504,#811,.T.);
#1869=EDGE_CURVE('',#1504,#1505,#812,.T.);
#1870=EDGE_CURVE('',#1506,#1505,#813,.T.);
#1871=EDGE_CURVE('',#1506,#1488,#814,.T.);
#1872=EDGE_CURVE('',#1487,#1507,#815,.T.);
#1873=EDGE_CURVE('',#1507,#1508,#816,.T.);
#1874=EDGE_CURVE('',#1509,#1508,#817,.T.);
#1875=EDGE_CURVE('',#1510,#1509,#818,.T.);
#1876=EDGE_CURVE('',#1510,#1511,#819,.T.);
#1877=EDGE_CURVE('',#1511,#1512,#820,.T.);
#1878=EDGE_CURVE('',#1513,#1512,#821,.T.);
#1879=EDGE_CURVE('',#1514,#1513,#822,.T.);
#1880=EDGE_CURVE('',#1514,#1515,#823,.T.);
#1881=EDGE_CURVE('',#1515,#1516,#824,.T.);
#1882=EDGE_CURVE('',#1516,#1499,#825,.T.);
#1883=EDGE_CURVE('',#1495,#1517,#826,.T.);
#1884=EDGE_CURVE('',#1517,#1497,#827,.T.);
#1885=EDGE_CURVE('',#1518,#1519,#828,.T.);
#1886=EDGE_CURVE('',#1518,#1500,#132,.T.);
#1887=EDGE_CURVE('',#1519,#1499,#133,.T.);
#1888=EDGE_CURVE('',#1520,#1519,#829,.T.);
#1889=EDGE_CURVE('',#1520,#1521,#830,.T.);
#1890=EDGE_CURVE('',#1521,#1518,#831,.T.);
#1891=EDGE_CURVE('',#1501,#1522,#134,.T.);
#1892=EDGE_CURVE('',#1522,#1523,#832,.T.);
#1893=EDGE_CURVE('',#1502,#1523,#135,.T.);
#1894=EDGE_CURVE('',#1522,#1524,#833,.T.);
#1895=EDGE_CURVE('',#1524,#1525,#834,.T.);
#1896=EDGE_CURVE('',#1523,#1525,#835,.T.);
#1897=EDGE_CURVE('',#1505,#1526,#136,.T.);
#1898=EDGE_CURVE('',#1526,#1527,#836,.T.);
#1899=EDGE_CURVE('',#1506,#1527,#137,.T.);
#1900=EDGE_CURVE('',#1526,#1528,#837,.T.);
#1901=EDGE_CURVE('',#1528,#1529,#838,.T.);
#1902=EDGE_CURVE('',#1527,#1529,#839,.T.);
#1903=EDGE_CURVE('',#1530,#1531,#840,.T.);
#1904=EDGE_CURVE('',#1530,#1504,#138,.T.);
#1905=EDGE_CURVE('',#1531,#1503,#139,.T.);
#1906=EDGE_CURVE('',#1532,#1531,#841,.T.);
#1907=EDGE_CURVE('',#1533,#1532,#842,.T.);
#1908=EDGE_CURVE('',#1533,#1530,#843,.T.);
#1909=EDGE_CURVE('',#1534,#1535,#844,.T.);
#1910=EDGE_CURVE('',#1534,#1508,#140,.T.);
#1911=EDGE_CURVE('',#1535,#1507,#141,.T.);
#1912=EDGE_CURVE('',#1536,#1535,#845,.T.);
#1913=EDGE_CURVE('',#1536,#1537,#846,.T.);
#1914=EDGE_CURVE('',#1537,#1534,#847,.T.);
#1915=EDGE_CURVE('',#1509,#1538,#142,.T.);
#1916=EDGE_CURVE('',#1538,#1539,#848,.T.);
#1917=EDGE_CURVE('',#1510,#1539,#143,.T.);
#1918=EDGE_CURVE('',#1538,#1540,#849,.T.);
#1919=EDGE_CURVE('',#1540,#1541,#850,.T.);
#1920=EDGE_CURVE('',#1539,#1541,#851,.T.);
#1921=EDGE_CURVE('',#1542,#1543,#852,.T.);
#1922=EDGE_CURVE('',#1542,#1512,#144,.T.);
#1923=EDGE_CURVE('',#1543,#1511,#145,.T.);
#1924=EDGE_CURVE('',#1544,#1543,#853,.T.);
#1925=EDGE_CURVE('',#1545,#1544,#854,.T.);
#1926=EDGE_CURVE('',#1545,#1542,#855,.T.);
#1927=EDGE_CURVE('',#1513,#1546,#146,.T.);
#1928=EDGE_CURVE('',#1546,#1547,#856,.T.);
#1929=EDGE_CURVE('',#1514,#1547,#147,.T.);
#1930=EDGE_CURVE('',#1546,#1548,#857,.T.);
#1931=EDGE_CURVE('',#1548,#1549,#858,.T.);
#1932=EDGE_CURVE('',#1547,#1549,#859,.T.);
#1933=EDGE_CURVE('',#1550,#1498,#860,.F.);
#1934=EDGE_CURVE('',#1440,#1550,#861,.T.);
#1935=EDGE_CURVE('',#1550,#1551,#862,.T.);
#1936=EDGE_CURVE('',#1517,#1551,#863,.T.);
#1937=EDGE_CURVE('',#1551,#1439,#864,.T.);
#1938=EDGE_CURVE('',#1548,#1545,#865,.T.);
#1939=EDGE_CURVE('',#1549,#1544,#866,.T.);
#1940=EDGE_CURVE('',#1552,#1552,#148,.T.);
#1941=EDGE_CURVE('',#1540,#1537,#867,.T.);
#1942=EDGE_CURVE('',#1541,#1536,#868,.T.);
#1943=EDGE_CURVE('',#1553,#1553,#149,.T.);
#1944=EDGE_CURVE('',#1524,#1521,#869,.T.);
#1945=EDGE_CURVE('',#1525,#1520,#870,.T.);
#1946=EDGE_CURVE('',#1554,#1554,#150,.T.);
#1947=EDGE_CURVE('',#1528,#1533,#871,.T.);
#1948=EDGE_CURVE('',#1555,#1556,#872,.T.);
#1949=EDGE_CURVE('',#1557,#1556,#873,.T.);
#1950=EDGE_CURVE('',#1557,#1558,#874,.T.);
#1951=EDGE_CURVE('',#1558,#1555,#875,.T.);
#1952=EDGE_CURVE('',#1559,#1560,#876,.T.);
#1953=EDGE_CURVE('',#1560,#1561,#877,.T.);
#1954=EDGE_CURVE('',#1561,#1562,#878,.T.);
#1955=EDGE_CURVE('',#1562,#1559,#879,.T.);
#1956=EDGE_CURVE('',#1563,#1564,#880,.T.);
#1957=EDGE_CURVE('',#1564,#1565,#881,.T.);
#1958=EDGE_CURVE('',#1565,#1566,#882,.T.);
#1959=EDGE_CURVE('',#1566,#1563,#883,.T.);
#1960=EDGE_CURVE('',#1567,#1568,#884,.T.);
#1961=EDGE_CURVE('',#1569,#1568,#885,.T.);
#1962=EDGE_CURVE('',#1569,#1570,#886,.T.);
#1963=EDGE_CURVE('',#1570,#1567,#887,.T.);
#1964=EDGE_CURVE('',#1571,#1571,#151,.T.);
#1965=EDGE_CURVE('',#1571,#1392,#888,.T.);
#1966=EDGE_CURVE('',#1572,#1572,#152,.T.);
#1967=EDGE_CURVE('',#1572,#1393,#889,.T.);
#1968=EDGE_CURVE('',#1573,#1573,#153,.T.);
#1969=EDGE_CURVE('',#1573,#1394,#890,.T.);
#1970=EDGE_CURVE('',#1574,#1574,#154,.T.);
#1971=EDGE_CURVE('',#1574,#1395,#891,.T.);
#1972=EDGE_CURVE('',#1575,#1576,#892,.T.);
#1973=EDGE_CURVE('',#1577,#1575,#893,.T.);
#1974=EDGE_CURVE('',#1578,#1577,#894,.T.);
#1975=EDGE_CURVE('',#1576,#1578,#895,.T.);
#1976=EDGE_CURVE('',#1579,#1578,#896,.T.);
#1977=EDGE_CURVE('',#1580,#1579,#897,.T.);
#1978=EDGE_CURVE('',#1576,#1580,#898,.T.);
#1979=EDGE_CURVE('',#1577,#1581,#899,.T.);
#1980=EDGE_CURVE('',#1581,#1579,#900,.T.);
#1981=EDGE_CURVE('',#1582,#1582,#155,.T.);
#1982=EDGE_CURVE('',#1583,#1575,#901,.T.);
#1983=EDGE_CURVE('',#1583,#1581,#902,.T.);
#1984=EDGE_CURVE('',#1584,#1585,#903,.T.);
#1985=EDGE_CURVE('',#1586,#1584,#904,.T.);
#1986=EDGE_CURVE('',#1587,#1586,#905,.T.);
#1987=EDGE_CURVE('',#1585,#1587,#906,.T.);
#1988=EDGE_CURVE('',#1588,#1589,#907,.T.);
#1989=EDGE_CURVE('',#1590,#1588,#908,.T.);
#1990=EDGE_CURVE('',#1591,#1590,#909,.T.);
#1991=EDGE_CURVE('',#1589,#1591,#910,.T.);
#1992=EDGE_CURVE('',#1591,#1592,#911,.T.);
#1993=EDGE_CURVE('',#1593,#1592,#912,.T.);
#1994=EDGE_CURVE('',#1589,#1593,#913,.T.);
#1995=EDGE_CURVE('',#1594,#1590,#914,.T.);
#1996=EDGE_CURVE('',#1592,#1594,#915,.T.);
#1997=EDGE_CURVE('',#1595,#1595,#156,.T.);
#1998=EDGE_CURVE('',#1596,#1597,#916,.T.);
#1999=EDGE_CURVE('',#1598,#1596,#917,.T.);
#2000=EDGE_CURVE('',#1599,#1598,#918,.T.);
#2001=EDGE_CURVE('',#1597,#1599,#919,.T.);
#2002=EDGE_CURVE('',#1599,#1600,#920,.T.);
#2003=EDGE_CURVE('',#1601,#1600,#921,.T.);
#2004=EDGE_CURVE('',#1597,#1601,#922,.T.);
#2005=EDGE_CURVE('',#1602,#1602,#157,.T.);
#2006=EDGE_CURVE('',#1602,#1603,#923,.T.);
#2007=EDGE_CURVE('',#1603,#1603,#158,.T.);
#2008=EDGE_CURVE('',#1601,#1604,#924,.T.);
#2009=EDGE_CURVE('',#1600,#1605,#925,.T.);
#2010=EDGE_CURVE('',#1604,#1605,#926,.T.);
#2011=EDGE_CURVE('',#1604,#1596,#927,.T.);
#2012=EDGE_CURVE('',#1605,#1598,#928,.T.);
#2013=EDGE_CURVE('',#1595,#1606,#929,.T.);
#2014=EDGE_CURVE('',#1606,#1606,#159,.T.);
#2015=EDGE_CURVE('',#1607,#1588,#930,.T.);
#2016=EDGE_CURVE('',#1607,#1594,#931,.T.);
#2017=EDGE_CURVE('',#1593,#1607,#932,.T.);
#2018=EDGE_CURVE('',#1608,#1608,#160,.T.);
#2019=EDGE_CURVE('',#1608,#1609,#933,.T.);
#2020=EDGE_CURVE('',#1609,#1609,#161,.T.);
#2021=EDGE_CURVE('',#1610,#1563,#934,.T.);
#2022=EDGE_CURVE('',#1610,#1611,#935,.T.);
#2023=EDGE_CURVE('',#1611,#1564,#936,.T.);
#2024=EDGE_CURVE('',#1612,#1610,#937,.T.);
#2025=EDGE_CURVE('',#1612,#1613,#938,.T.);
#2026=EDGE_CURVE('',#1613,#1611,#939,.T.);
#2027=EDGE_CURVE('',#1566,#1612,#940,.T.);
#2028=EDGE_CURVE('',#1565,#1613,#941,.T.);
#2029=EDGE_CURVE('',#1614,#1614,#162,.T.);
#2030=EDGE_CURVE('',#1614,#1615,#942,.T.);
#2031=EDGE_CURVE('',#1615,#1615,#163,.T.);
#2032=EDGE_CURVE('',#1616,#1559,#943,.T.);
#2033=EDGE_CURVE('',#1616,#1617,#944,.T.);
#2034=EDGE_CURVE('',#1617,#1560,#945,.T.);
#2035=EDGE_CURVE('',#1618,#1616,#946,.T.);
#2036=EDGE_CURVE('',#1618,#1619,#947,.T.);
#2037=EDGE_CURVE('',#1619,#1617,#948,.T.);
#2038=EDGE_CURVE('',#1562,#1618,#949,.T.);
#2039=EDGE_CURVE('',#1561,#1619,#950,.T.);
#2040=EDGE_CURVE('',#1582,#1620,#951,.T.);
#2041=EDGE_CURVE('',#1620,#1620,#164,.T.);
#2042=EDGE_CURVE('',#1580,#1583,#952,.T.);
#2043=EDGE_CURVE('',#1515,#1491,#953,.T.);
#2044=EDGE_CURVE('',#1558,#1621,#954,.T.);
#2045=EDGE_CURVE('',#1621,#1622,#955,.T.);
#2046=EDGE_CURVE('',#1622,#1555,#956,.T.);
#2047=EDGE_CURVE('',#1570,#1623,#957,.T.);
#2048=EDGE_CURVE('',#1623,#1624,#958,.T.);
#2049=EDGE_CURVE('',#1624,#1567,#959,.T.);
#2050=EDGE_CURVE('',#1585,#1625,#960,.T.);
#2051=EDGE_CURVE('',#1625,#1626,#961,.T.);
#2052=EDGE_CURVE('',#1626,#1584,#962,.T.);
#2053=EDGE_CURVE('',#1627,#1627,#165,.T.);
#2054=EDGE_CURVE('',#1627,#1628,#963,.T.);
#2055=EDGE_CURVE('',#1628,#1628,#166,.T.);
#2056=EDGE_CURVE('',#1629,#1569,#964,.T.);
#2057=EDGE_CURVE('',#1623,#1629,#965,.T.);
#2058=EDGE_CURVE('',#1630,#1629,#966,.T.);
#2059=EDGE_CURVE('',#1624,#1630,#967,.T.);
#2060=EDGE_CURVE('',#1568,#1630,#968,.T.);
#2061=EDGE_CURVE('',#1631,#1631,#167,.T.);
#2062=EDGE_CURVE('',#1632,#1632,#168,.T.);
#2063=EDGE_CURVE('',#1632,#1633,#969,.T.);
#2064=EDGE_CURVE('',#1633,#1633,#169,.T.);
#2065=EDGE_CURVE('',#1634,#1557,#970,.T.);
#2066=EDGE_CURVE('',#1621,#1634,#971,.T.);
#2067=EDGE_CURVE('',#1635,#1634,#972,.T.);
#2068=EDGE_CURVE('',#1622,#1635,#973,.T.);
#2069=EDGE_CURVE('',#1556,#1635,#974,.T.);
#2070=EDGE_CURVE('',#1636,#1636,#170,.T.);
#2071=EDGE_CURVE('',#1637,#1637,#171,.T.);
#2072=EDGE_CURVE('',#1637,#1638,#975,.T.);
#2073=EDGE_CURVE('',#1638,#1638,#172,.T.);
#2074=EDGE_CURVE('',#1639,#1587,#976,.T.);
#2075=EDGE_CURVE('',#1625,#1639,#977,.T.);
#2076=EDGE_CURVE('',#1640,#1639,#978,.T.);
#2077=EDGE_CURVE('',#1626,#1640,#979,.T.);
#2078=EDGE_CURVE('',#1586,#1640,#980,.T.);
#2079=EDGE_CURVE('',#1641,#1641,#173,.T.);
#2080=EDGE_CURVE('',#1642,#1642,#174,.T.);
#2081=EDGE_CURVE('',#1642,#1422,#981,.T.);
#2082=EDGE_CURVE('',#1631,#1423,#982,.T.);
#2083=EDGE_CURVE('',#1636,#1424,#983,.T.);
#2084=EDGE_CURVE('',#1641,#1425,#984,.T.);
#2085=EDGE_CURVE('',#1399,#1643,#985,.T.);
#2086=EDGE_CURVE('',#1643,#1644,#175,.T.);
#2087=EDGE_CURVE('',#1644,#1400,#986,.T.);
#2088=EDGE_CURVE('',#1645,#1398,#987,.T.);
#2089=EDGE_CURVE('',#1643,#1645,#988,.T.);
#2090=EDGE_CURVE('',#1401,#1646,#989,.T.);
#2091=EDGE_CURVE('',#1646,#1647,#176,.T.);
#2092=EDGE_CURVE('',#1647,#1402,#990,.T.);
#2093=EDGE_CURVE('',#1646,#1644,#991,.T.);
#2094=EDGE_CURVE('',#1403,#1648,#992,.T.);
#2095=EDGE_CURVE('',#1648,#1649,#177,.T.);
#2096=EDGE_CURVE('',#1649,#1396,#993,.T.);
#2097=EDGE_CURVE('',#1648,#1647,#994,.T.);
#2098=EDGE_CURVE('',#1397,#1650,#995,.T.);
#2099=EDGE_CURVE('',#1650,#1645,#178,.T.);
#2100=EDGE_CURVE('',#1650,#1649,#996,.T.);
#2101=EDGE_CURVE('',#1529,#1532,#997,.T.);
#2102=EDGE_CURVE('',#1651,#1651,#179,.T.);
#2103=EDGE_CURVE('',#1651,#1652,#998,.T.);
#2104=EDGE_CURVE('',#1652,#1652,#180,.T.);
#2105=EDGE_CURVE('',#1553,#1653,#999,.T.);
#2106=EDGE_CURVE('',#1653,#1653,#181,.T.);
#2107=EDGE_CURVE('',#1554,#1654,#1000,.T.);
#2108=EDGE_CURVE('',#1654,#1654,#182,.T.);
#2109=EDGE_CURVE('',#1552,#1655,#1001,.T.);
#2110=EDGE_CURVE('',#1655,#1655,#183,.T.);
#2111=EDGE_CURVE('',#1516,#1490,#1002,.T.);
#2112=ORIENTED_EDGE('',*,*,#1656,.F.);
#2113=ORIENTED_EDGE('',*,*,#1657,.F.);
#2114=ORIENTED_EDGE('',*,*,#1658,.F.);
#2115=ORIENTED_EDGE('',*,*,#1659,.F.);
#2116=ORIENTED_EDGE('',*,*,#1660,.F.);
#2117=ORIENTED_EDGE('',*,*,#1659,.T.);
#2118=ORIENTED_EDGE('',*,*,#1661,.F.);
#2119=ORIENTED_EDGE('',*,*,#1662,.T.);
#2120=ORIENTED_EDGE('',*,*,#1663,.F.);
#2121=ORIENTED_EDGE('',*,*,#1662,.F.);
#2122=ORIENTED_EDGE('',*,*,#1664,.F.);
#2123=ORIENTED_EDGE('',*,*,#1657,.T.);
#2124=ORIENTED_EDGE('',*,*,#1665,.F.);
#2125=ORIENTED_EDGE('',*,*,#1666,.F.);
#2126=ORIENTED_EDGE('',*,*,#1667,.F.);
#2127=ORIENTED_EDGE('',*,*,#1668,.F.);
#2128=ORIENTED_EDGE('',*,*,#1669,.F.);
#2129=ORIENTED_EDGE('',*,*,#1668,.T.);
#2130=ORIENTED_EDGE('',*,*,#1670,.F.);
#2131=ORIENTED_EDGE('',*,*,#1671,.T.);
#2132=ORIENTED_EDGE('',*,*,#1672,.F.);
#2133=ORIENTED_EDGE('',*,*,#1671,.F.);
#2134=ORIENTED_EDGE('',*,*,#1673,.F.);
#2135=ORIENTED_EDGE('',*,*,#1666,.T.);
#2136=ORIENTED_EDGE('',*,*,#1674,.F.);
#2137=ORIENTED_EDGE('',*,*,#1675,.T.);
#2138=ORIENTED_EDGE('',*,*,#1676,.F.);
#2139=ORIENTED_EDGE('',*,*,#1677,.T.);
#2140=ORIENTED_EDGE('',*,*,#1678,.F.);
#2141=ORIENTED_EDGE('',*,*,#1677,.F.);
#2142=ORIENTED_EDGE('',*,*,#1679,.F.);
#2143=ORIENTED_EDGE('',*,*,#1680,.T.);
#2144=ORIENTED_EDGE('',*,*,#1681,.F.);
#2145=ORIENTED_EDGE('',*,*,#1680,.F.);
#2146=ORIENTED_EDGE('',*,*,#1682,.F.);
#2147=ORIENTED_EDGE('',*,*,#1675,.F.);
#2148=ORIENTED_EDGE('',*,*,#1683,.T.);
#2149=ORIENTED_EDGE('',*,*,#1684,.T.);
#2150=ORIENTED_EDGE('',*,*,#1685,.T.);
#2151=ORIENTED_EDGE('',*,*,#1686,.T.);
#2152=ORIENTED_EDGE('',*,*,#1687,.T.);
#2153=ORIENTED_EDGE('',*,*,#1688,.T.);
#2154=ORIENTED_EDGE('',*,*,#1685,.F.);
#2155=ORIENTED_EDGE('',*,*,#1689,.T.);
#2156=ORIENTED_EDGE('',*,*,#1690,.T.);
#2157=ORIENTED_EDGE('',*,*,#1691,.T.);
#2158=ORIENTED_EDGE('',*,*,#1687,.F.);
#2159=ORIENTED_EDGE('',*,*,#1692,.T.);
#2160=ORIENTED_EDGE('',*,*,#1693,.T.);
#2161=ORIENTED_EDGE('',*,*,#1694,.T.);
#2162=ORIENTED_EDGE('',*,*,#1690,.F.);
#2163=ORIENTED_EDGE('',*,*,#1695,.T.);
#2164=ORIENTED_EDGE('',*,*,#1696,.T.);
#2165=ORIENTED_EDGE('',*,*,#1697,.T.);
#2166=ORIENTED_EDGE('',*,*,#1693,.F.);
#2167=ORIENTED_EDGE('',*,*,#1698,.T.);
#2168=ORIENTED_EDGE('',*,*,#1699,.T.);
#2169=ORIENTED_EDGE('',*,*,#1700,.T.);
#2170=ORIENTED_EDGE('',*,*,#1696,.F.);
#2171=ORIENTED_EDGE('',*,*,#1701,.T.);
#2172=ORIENTED_EDGE('',*,*,#1702,.T.);
#2173=ORIENTED_EDGE('',*,*,#1703,.T.);
#2174=ORIENTED_EDGE('',*,*,#1699,.F.);
#2175=ORIENTED_EDGE('',*,*,#1704,.T.);
#2176=ORIENTED_EDGE('',*,*,#1683,.F.);
#2177=ORIENTED_EDGE('',*,*,#1705,.T.);
#2178=ORIENTED_EDGE('',*,*,#1702,.F.);
#2179=ORIENTED_EDGE('',*,*,#1706,.T.);
#2180=ORIENTED_EDGE('',*,*,#1700,.F.);
#2181=ORIENTED_EDGE('',*,*,#1707,.T.);
#2182=ORIENTED_EDGE('',*,*,#1708,.T.);
#2183=ORIENTED_EDGE('',*,*,#1709,.T.);
#2184=ORIENTED_EDGE('',*,*,#1703,.F.);
#2185=ORIENTED_EDGE('',*,*,#1710,.F.);
#2186=ORIENTED_EDGE('',*,*,#1711,.F.);
#2187=ORIENTED_EDGE('',*,*,#1707,.F.);
#2188=ORIENTED_EDGE('',*,*,#1712,.T.);
#2189=ORIENTED_EDGE('',*,*,#1713,.T.);
#2190=ORIENTED_EDGE('',*,*,#1714,.T.);
#2191=ORIENTED_EDGE('',*,*,#1715,.T.);
#2192=ORIENTED_EDGE('',*,*,#1716,.T.);
#2193=ORIENTED_EDGE('',*,*,#1717,.T.);
#2194=ORIENTED_EDGE('',*,*,#1718,.T.);
#2195=ORIENTED_EDGE('',*,*,#1719,.T.);
#2196=ORIENTED_EDGE('',*,*,#1720,.T.);
#2197=ORIENTED_EDGE('',*,*,#1721,.T.);
#2198=ORIENTED_EDGE('',*,*,#1722,.T.);
#2199=ORIENTED_EDGE('',*,*,#1723,.T.);
#2200=ORIENTED_EDGE('',*,*,#1705,.F.);
#2201=ORIENTED_EDGE('',*,*,#1724,.T.);
#2202=ORIENTED_EDGE('',*,*,#1725,.T.);
#2203=ORIENTED_EDGE('',*,*,#1710,.T.);
#2204=ORIENTED_EDGE('',*,*,#1686,.F.);
#2205=ORIENTED_EDGE('',*,*,#1726,.F.);
#2206=ORIENTED_EDGE('',*,*,#1727,.T.);
#2207=ORIENTED_EDGE('',*,*,#1724,.F.);
#2208=ORIENTED_EDGE('',*,*,#1660,.T.);
#2209=ORIENTED_EDGE('',*,*,#1663,.T.);
#2210=ORIENTED_EDGE('',*,*,#1656,.T.);
#2211=ORIENTED_EDGE('',*,*,#1669,.T.);
#2212=ORIENTED_EDGE('',*,*,#1672,.T.);
#2213=ORIENTED_EDGE('',*,*,#1665,.T.);
#2214=ORIENTED_EDGE('',*,*,#1678,.T.);
#2215=ORIENTED_EDGE('',*,*,#1681,.T.);
#2216=ORIENTED_EDGE('',*,*,#1674,.T.);
#2217=ORIENTED_EDGE('',*,*,#1728,.T.);
#2218=ORIENTED_EDGE('',*,*,#1729,.T.);
#2219=ORIENTED_EDGE('',*,*,#1730,.T.);
#2220=ORIENTED_EDGE('',*,*,#1731,.T.);
#2221=ORIENTED_EDGE('',*,*,#1732,.T.);
#2222=ORIENTED_EDGE('',*,*,#1733,.T.);
#2223=ORIENTED_EDGE('',*,*,#1734,.T.);
#2224=ORIENTED_EDGE('',*,*,#1735,.T.);
#2225=ORIENTED_EDGE('',*,*,#1736,.T.);
#2226=ORIENTED_EDGE('',*,*,#1684,.F.);
#2227=ORIENTED_EDGE('',*,*,#1706,.F.);
#2228=ORIENTED_EDGE('',*,*,#1704,.F.);
#2229=ORIENTED_EDGE('',*,*,#1701,.F.);
#2230=ORIENTED_EDGE('',*,*,#1698,.F.);
#2231=ORIENTED_EDGE('',*,*,#1695,.F.);
#2232=ORIENTED_EDGE('',*,*,#1692,.F.);
#2233=ORIENTED_EDGE('',*,*,#1689,.F.);
#2234=ORIENTED_EDGE('',*,*,#1737,.T.);
#2235=ORIENTED_EDGE('',*,*,#1738,.T.);
#2236=ORIENTED_EDGE('',*,*,#1739,.T.);
#2237=ORIENTED_EDGE('',*,*,#1740,.T.);
#2238=ORIENTED_EDGE('',*,*,#1694,.F.);
#2239=ORIENTED_EDGE('',*,*,#1741,.T.);
#2240=ORIENTED_EDGE('',*,*,#1742,.T.);
#2241=ORIENTED_EDGE('',*,*,#1743,.T.);
#2242=ORIENTED_EDGE('',*,*,#1697,.F.);
#2243=ORIENTED_EDGE('',*,*,#1709,.F.);
#2244=ORIENTED_EDGE('',*,*,#1744,.F.);
#2245=ORIENTED_EDGE('',*,*,#1741,.F.);
#2246=ORIENTED_EDGE('',*,*,#1688,.F.);
#2247=ORIENTED_EDGE('',*,*,#1745,.T.);
#2248=ORIENTED_EDGE('',*,*,#1746,.T.);
#2249=ORIENTED_EDGE('',*,*,#1726,.T.);
#2250=ORIENTED_EDGE('',*,*,#1691,.F.);
#2251=ORIENTED_EDGE('',*,*,#1743,.F.);
#2252=ORIENTED_EDGE('',*,*,#1747,.T.);
#2253=ORIENTED_EDGE('',*,*,#1745,.F.);
#2254=ORIENTED_EDGE('',*,*,#1748,.T.);
#2255=ORIENTED_EDGE('',*,*,#1749,.T.);
#2256=ORIENTED_EDGE('',*,*,#1750,.T.);
#2257=ORIENTED_EDGE('',*,*,#1751,.T.);
#2258=ORIENTED_EDGE('',*,*,#1752,.F.);
#2259=ORIENTED_EDGE('',*,*,#1753,.F.);
#2260=ORIENTED_EDGE('',*,*,#1735,.F.);
#2261=ORIENTED_EDGE('',*,*,#1754,.F.);
#2262=ORIENTED_EDGE('',*,*,#1755,.F.);
#2263=ORIENTED_EDGE('',*,*,#1754,.T.);
#2264=ORIENTED_EDGE('',*,*,#1734,.F.);
#2265=ORIENTED_EDGE('',*,*,#1756,.T.);
#2266=ORIENTED_EDGE('',*,*,#1757,.F.);
#2267=ORIENTED_EDGE('',*,*,#1756,.F.);
#2268=ORIENTED_EDGE('',*,*,#1736,.F.);
#2269=ORIENTED_EDGE('',*,*,#1753,.T.);
#2270=ORIENTED_EDGE('',*,*,#1758,.F.);
#2271=ORIENTED_EDGE('',*,*,#1759,.F.);
#2272=ORIENTED_EDGE('',*,*,#1732,.F.);
#2273=ORIENTED_EDGE('',*,*,#1760,.F.);
#2274=ORIENTED_EDGE('',*,*,#1761,.F.);
#2275=ORIENTED_EDGE('',*,*,#1760,.T.);
#2276=ORIENTED_EDGE('',*,*,#1731,.F.);
#2277=ORIENTED_EDGE('',*,*,#1762,.T.);
#2278=ORIENTED_EDGE('',*,*,#1763,.F.);
#2279=ORIENTED_EDGE('',*,*,#1762,.F.);
#2280=ORIENTED_EDGE('',*,*,#1733,.F.);
#2281=ORIENTED_EDGE('',*,*,#1759,.T.);
#2282=ORIENTED_EDGE('',*,*,#1764,.F.);
#2283=ORIENTED_EDGE('',*,*,#1765,.F.);
#2284=ORIENTED_EDGE('',*,*,#1729,.F.);
#2285=ORIENTED_EDGE('',*,*,#1766,.F.);
#2286=ORIENTED_EDGE('',*,*,#1767,.F.);
#2287=ORIENTED_EDGE('',*,*,#1766,.T.);
#2288=ORIENTED_EDGE('',*,*,#1728,.F.);
#2289=ORIENTED_EDGE('',*,*,#1768,.T.);
#2290=ORIENTED_EDGE('',*,*,#1769,.F.);
#2291=ORIENTED_EDGE('',*,*,#1768,.F.);
#2292=ORIENTED_EDGE('',*,*,#1730,.F.);
#2293=ORIENTED_EDGE('',*,*,#1765,.T.);
#2294=ORIENTED_EDGE('',*,*,#1770,.F.);
#2295=ORIENTED_EDGE('',*,*,#1771,.F.);
#2296=ORIENTED_EDGE('',*,*,#1738,.F.);
#2297=ORIENTED_EDGE('',*,*,#1772,.F.);
#2298=ORIENTED_EDGE('',*,*,#1773,.F.);
#2299=ORIENTED_EDGE('',*,*,#1774,.F.);
#2300=ORIENTED_EDGE('',*,*,#1775,.F.);
#2301=ORIENTED_EDGE('',*,*,#1776,.F.);
#2302=ORIENTED_EDGE('',*,*,#1777,.F.);
#2303=ORIENTED_EDGE('',*,*,#1740,.F.);
#2304=ORIENTED_EDGE('',*,*,#1778,.F.);
#2305=ORIENTED_EDGE('',*,*,#1779,.F.);
#2306=ORIENTED_EDGE('',*,*,#1780,.F.);
#2307=ORIENTED_EDGE('',*,*,#1781,.T.);
#2308=ORIENTED_EDGE('',*,*,#1773,.T.);
#2309=ORIENTED_EDGE('',*,*,#1782,.T.);
#2310=ORIENTED_EDGE('',*,*,#1770,.T.);
#2311=ORIENTED_EDGE('',*,*,#1783,.F.);
#2312=ORIENTED_EDGE('',*,*,#1784,.F.);
#2313=ORIENTED_EDGE('',*,*,#1782,.F.);
#2314=ORIENTED_EDGE('',*,*,#1778,.T.);
#2315=ORIENTED_EDGE('',*,*,#1739,.F.);
#2316=ORIENTED_EDGE('',*,*,#1771,.T.);
#2317=ORIENTED_EDGE('',*,*,#1785,.F.);
#2318=ORIENTED_EDGE('',*,*,#1786,.T.);
#2319=ORIENTED_EDGE('',*,*,#1787,.F.);
#2320=ORIENTED_EDGE('',*,*,#1786,.F.);
#2321=ORIENTED_EDGE('',*,*,#1788,.F.);
#2322=ORIENTED_EDGE('',*,*,#1789,.T.);
#2323=ORIENTED_EDGE('',*,*,#1790,.F.);
#2324=ORIENTED_EDGE('',*,*,#1789,.F.);
#2325=ORIENTED_EDGE('',*,*,#1791,.F.);
#2326=ORIENTED_EDGE('',*,*,#1792,.T.);
#2327=ORIENTED_EDGE('',*,*,#1793,.F.);
#2328=ORIENTED_EDGE('',*,*,#1792,.F.);
#2329=ORIENTED_EDGE('',*,*,#1794,.F.);
#2330=ORIENTED_EDGE('',*,*,#1795,.T.);
#2331=ORIENTED_EDGE('',*,*,#1796,.F.);
#2332=ORIENTED_EDGE('',*,*,#1795,.F.);
#2333=ORIENTED_EDGE('',*,*,#1797,.T.);
#2334=ORIENTED_EDGE('',*,*,#1798,.T.);
#2335=ORIENTED_EDGE('',*,*,#1799,.T.);
#2336=ORIENTED_EDGE('',*,*,#1800,.T.);
#2337=ORIENTED_EDGE('',*,*,#1790,.T.);
#2338=ORIENTED_EDGE('',*,*,#1801,.T.);
#2339=ORIENTED_EDGE('',*,*,#1802,.T.);
#2340=ORIENTED_EDGE('',*,*,#1803,.T.);
#2341=ORIENTED_EDGE('',*,*,#1804,.T.);
#2342=ORIENTED_EDGE('',*,*,#1796,.T.);
#2343=ORIENTED_EDGE('',*,*,#1805,.T.);
#2344=ORIENTED_EDGE('',*,*,#1806,.T.);
#2345=ORIENTED_EDGE('',*,*,#1807,.T.);
#2346=ORIENTED_EDGE('',*,*,#1808,.T.);
#2347=ORIENTED_EDGE('',*,*,#1787,.T.);
#2348=ORIENTED_EDGE('',*,*,#1809,.T.);
#2349=ORIENTED_EDGE('',*,*,#1810,.T.);
#2350=ORIENTED_EDGE('',*,*,#1811,.T.);
#2351=ORIENTED_EDGE('',*,*,#1812,.T.);
#2352=ORIENTED_EDGE('',*,*,#1793,.T.);
#2353=ORIENTED_EDGE('',*,*,#1813,.T.);
#2354=ORIENTED_EDGE('',*,*,#1814,.T.);
#2355=ORIENTED_EDGE('',*,*,#1797,.F.);
#2356=ORIENTED_EDGE('',*,*,#1815,.F.);
#2357=ORIENTED_EDGE('',*,*,#1816,.T.);
#2358=ORIENTED_EDGE('',*,*,#1817,.F.);
#2359=ORIENTED_EDGE('',*,*,#1799,.F.);
#2360=ORIENTED_EDGE('',*,*,#1818,.F.);
#2361=ORIENTED_EDGE('',*,*,#1819,.T.);
#2362=ORIENTED_EDGE('',*,*,#1818,.T.);
#2363=ORIENTED_EDGE('',*,*,#1798,.F.);
#2364=ORIENTED_EDGE('',*,*,#1814,.F.);
#2365=ORIENTED_EDGE('',*,*,#1820,.T.);
#2366=ORIENTED_EDGE('',*,*,#1821,.T.);
#2367=ORIENTED_EDGE('',*,*,#1809,.F.);
#2368=ORIENTED_EDGE('',*,*,#1822,.F.);
#2369=ORIENTED_EDGE('',*,*,#1823,.T.);
#2370=ORIENTED_EDGE('',*,*,#1824,.F.);
#2371=ORIENTED_EDGE('',*,*,#1811,.F.);
#2372=ORIENTED_EDGE('',*,*,#1825,.F.);
#2373=ORIENTED_EDGE('',*,*,#1826,.T.);
#2374=ORIENTED_EDGE('',*,*,#1825,.T.);
#2375=ORIENTED_EDGE('',*,*,#1810,.F.);
#2376=ORIENTED_EDGE('',*,*,#1821,.F.);
#2377=ORIENTED_EDGE('',*,*,#1827,.F.);
#2378=ORIENTED_EDGE('',*,*,#1828,.T.);
#2379=ORIENTED_EDGE('',*,*,#1801,.F.);
#2380=ORIENTED_EDGE('',*,*,#1829,.F.);
#2381=ORIENTED_EDGE('',*,*,#1830,.F.);
#2382=ORIENTED_EDGE('',*,*,#1831,.F.);
#2383=ORIENTED_EDGE('',*,*,#1803,.F.);
#2384=ORIENTED_EDGE('',*,*,#1832,.F.);
#2385=ORIENTED_EDGE('',*,*,#1833,.F.);
#2386=ORIENTED_EDGE('',*,*,#1832,.T.);
#2387=ORIENTED_EDGE('',*,*,#1802,.F.);
#2388=ORIENTED_EDGE('',*,*,#1828,.F.);
#2389=ORIENTED_EDGE('',*,*,#1834,.F.);
#2390=ORIENTED_EDGE('',*,*,#1835,.F.);
#2391=ORIENTED_EDGE('',*,*,#1807,.F.);
#2392=ORIENTED_EDGE('',*,*,#1836,.F.);
#2393=ORIENTED_EDGE('',*,*,#1837,.F.);
#2394=ORIENTED_EDGE('',*,*,#1836,.T.);
#2395=ORIENTED_EDGE('',*,*,#1806,.F.);
#2396=ORIENTED_EDGE('',*,*,#1838,.F.);
#2397=ORIENTED_EDGE('',*,*,#1839,.F.);
#2398=ORIENTED_EDGE('',*,*,#1838,.T.);
#2399=ORIENTED_EDGE('',*,*,#1805,.F.);
#2400=ORIENTED_EDGE('',*,*,#1840,.F.);
#2401=ORIENTED_EDGE('',*,*,#1835,.T.);
#2402=ORIENTED_EDGE('',*,*,#1841,.F.);
#2403=ORIENTED_EDGE('',*,*,#1822,.T.);
#2404=ORIENTED_EDGE('',*,*,#1812,.F.);
#2405=ORIENTED_EDGE('',*,*,#1824,.T.);
#2406=ORIENTED_EDGE('',*,*,#1842,.F.);
#2407=ORIENTED_EDGE('',*,*,#1843,.F.);
#2408=ORIENTED_EDGE('',*,*,#1844,.F.);
#2409=ORIENTED_EDGE('',*,*,#1845,.T.);
#2410=ORIENTED_EDGE('',*,*,#1846,.F.);
#2411=ORIENTED_EDGE('',*,*,#1840,.T.);
#2412=ORIENTED_EDGE('',*,*,#1808,.F.);
#2413=ORIENTED_EDGE('',*,*,#1661,.T.);
#2414=ORIENTED_EDGE('',*,*,#1658,.T.);
#2415=ORIENTED_EDGE('',*,*,#1664,.T.);
#2416=ORIENTED_EDGE('',*,*,#1670,.T.);
#2417=ORIENTED_EDGE('',*,*,#1667,.T.);
#2418=ORIENTED_EDGE('',*,*,#1673,.T.);
#2419=ORIENTED_EDGE('',*,*,#1679,.T.);
#2420=ORIENTED_EDGE('',*,*,#1676,.T.);
#2421=ORIENTED_EDGE('',*,*,#1682,.T.);
#2422=ORIENTED_EDGE('',*,*,#1755,.T.);
#2423=ORIENTED_EDGE('',*,*,#1757,.T.);
#2424=ORIENTED_EDGE('',*,*,#1752,.T.);
#2425=ORIENTED_EDGE('',*,*,#1761,.T.);
#2426=ORIENTED_EDGE('',*,*,#1763,.T.);
#2427=ORIENTED_EDGE('',*,*,#1758,.T.);
#2428=ORIENTED_EDGE('',*,*,#1767,.T.);
#2429=ORIENTED_EDGE('',*,*,#1769,.T.);
#2430=ORIENTED_EDGE('',*,*,#1764,.T.);
#2431=ORIENTED_EDGE('',*,*,#1742,.F.);
#2432=ORIENTED_EDGE('',*,*,#1744,.T.);
#2433=ORIENTED_EDGE('',*,*,#1708,.F.);
#2434=ORIENTED_EDGE('',*,*,#1711,.T.);
#2435=ORIENTED_EDGE('',*,*,#1725,.F.);
#2436=ORIENTED_EDGE('',*,*,#1727,.F.);
#2437=ORIENTED_EDGE('',*,*,#1746,.F.);
#2438=ORIENTED_EDGE('',*,*,#1747,.F.);
#2439=ORIENTED_EDGE('',*,*,#1842,.T.);
#2440=ORIENTED_EDGE('',*,*,#1823,.F.);
#2441=ORIENTED_EDGE('',*,*,#1826,.F.);
#2442=ORIENTED_EDGE('',*,*,#1820,.F.);
#2443=ORIENTED_EDGE('',*,*,#1841,.T.);
#2444=ORIENTED_EDGE('',*,*,#1834,.T.);
#2445=ORIENTED_EDGE('',*,*,#1837,.T.);
#2446=ORIENTED_EDGE('',*,*,#1839,.T.);
#2447=ORIENTED_EDGE('',*,*,#1846,.T.);
#2448=ORIENTED_EDGE('',*,*,#1847,.T.);
#2449=ORIENTED_EDGE('',*,*,#1848,.T.);
#2450=ORIENTED_EDGE('',*,*,#1816,.F.);
#2451=ORIENTED_EDGE('',*,*,#1819,.F.);
#2452=ORIENTED_EDGE('',*,*,#1813,.F.);
#2453=ORIENTED_EDGE('',*,*,#1849,.T.);
#2454=ORIENTED_EDGE('',*,*,#1830,.T.);
#2455=ORIENTED_EDGE('',*,*,#1833,.T.);
#2456=ORIENTED_EDGE('',*,*,#1827,.T.);
#2457=ORIENTED_EDGE('',*,*,#1850,.T.);
#2458=ORIENTED_EDGE('',*,*,#1851,.T.);
#2459=ORIENTED_EDGE('',*,*,#1794,.T.);
#2460=ORIENTED_EDGE('',*,*,#1791,.T.);
#2461=ORIENTED_EDGE('',*,*,#1788,.T.);
#2462=ORIENTED_EDGE('',*,*,#1785,.T.);
#2463=ORIENTED_EDGE('',*,*,#1779,.T.);
#2464=ORIENTED_EDGE('',*,*,#1852,.T.);
#2465=ORIENTED_EDGE('',*,*,#1853,.T.);
#2466=ORIENTED_EDGE('',*,*,#1854,.T.);
#2467=ORIENTED_EDGE('',*,*,#1855,.T.);
#2468=ORIENTED_EDGE('',*,*,#1856,.T.);
#2469=ORIENTED_EDGE('',*,*,#1857,.T.);
#2470=ORIENTED_EDGE('',*,*,#1858,.T.);
#2471=ORIENTED_EDGE('',*,*,#1784,.T.);
#2472=ORIENTED_EDGE('',*,*,#1858,.F.);
#2473=ORIENTED_EDGE('',*,*,#1859,.T.);
#2474=ORIENTED_EDGE('',*,*,#1852,.F.);
#2475=ORIENTED_EDGE('',*,*,#1860,.T.);
#2476=ORIENTED_EDGE('',*,*,#1861,.T.);
#2477=ORIENTED_EDGE('',*,*,#1780,.T.);
#2478=ORIENTED_EDGE('',*,*,#1854,.F.);
#2479=ORIENTED_EDGE('',*,*,#1855,.F.);
#2480=ORIENTED_EDGE('',*,*,#1783,.T.);
#2481=ORIENTED_EDGE('',*,*,#1772,.T.);
#2482=ORIENTED_EDGE('',*,*,#1737,.F.);
#2483=ORIENTED_EDGE('',*,*,#1777,.T.);
#2484=ORIENTED_EDGE('',*,*,#1862,.F.);
#2485=ORIENTED_EDGE('',*,*,#1863,.T.);
#2486=ORIENTED_EDGE('',*,*,#1864,.T.);
#2487=ORIENTED_EDGE('',*,*,#1865,.T.);
#2488=ORIENTED_EDGE('',*,*,#1866,.F.);
#2489=ORIENTED_EDGE('',*,*,#1867,.T.);
#2490=ORIENTED_EDGE('',*,*,#1868,.T.);
#2491=ORIENTED_EDGE('',*,*,#1869,.T.);
#2492=ORIENTED_EDGE('',*,*,#1870,.F.);
#2493=ORIENTED_EDGE('',*,*,#1871,.T.);
#2494=ORIENTED_EDGE('',*,*,#1844,.T.);
#2495=ORIENTED_EDGE('',*,*,#1872,.T.);
#2496=ORIENTED_EDGE('',*,*,#1873,.T.);
#2497=ORIENTED_EDGE('',*,*,#1874,.F.);
#2498=ORIENTED_EDGE('',*,*,#1875,.F.);
#2499=ORIENTED_EDGE('',*,*,#1876,.T.);
#2500=ORIENTED_EDGE('',*,*,#1877,.T.);
#2501=ORIENTED_EDGE('',*,*,#1878,.F.);
#2502=ORIENTED_EDGE('',*,*,#1879,.F.);
#2503=ORIENTED_EDGE('',*,*,#1880,.T.);
#2504=ORIENTED_EDGE('',*,*,#1881,.T.);
#2505=ORIENTED_EDGE('',*,*,#1882,.T.);
#2506=ORIENTED_EDGE('',*,*,#1857,.F.);
#2507=ORIENTED_EDGE('',*,*,#1883,.T.);
#2508=ORIENTED_EDGE('',*,*,#1884,.T.);
#2509=ORIENTED_EDGE('',*,*,#1860,.F.);
#2510=ORIENTED_EDGE('',*,*,#1853,.F.);
#2511=ORIENTED_EDGE('',*,*,#1859,.F.);
#2512=ORIENTED_EDGE('',*,*,#1885,.F.);
#2513=ORIENTED_EDGE('',*,*,#1886,.T.);
#2514=ORIENTED_EDGE('',*,*,#1864,.F.);
#2515=ORIENTED_EDGE('',*,*,#1887,.F.);
#2516=ORIENTED_EDGE('',*,*,#1885,.T.);
#2517=ORIENTED_EDGE('',*,*,#1888,.F.);
#2518=ORIENTED_EDGE('',*,*,#1889,.T.);
#2519=ORIENTED_EDGE('',*,*,#1890,.T.);
#2520=ORIENTED_EDGE('',*,*,#1891,.T.);
#2521=ORIENTED_EDGE('',*,*,#1892,.T.);
#2522=ORIENTED_EDGE('',*,*,#1893,.F.);
#2523=ORIENTED_EDGE('',*,*,#1866,.T.);
#2524=ORIENTED_EDGE('',*,*,#1892,.F.);
#2525=ORIENTED_EDGE('',*,*,#1894,.T.);
#2526=ORIENTED_EDGE('',*,*,#1895,.T.);
#2527=ORIENTED_EDGE('',*,*,#1896,.F.);
#2528=ORIENTED_EDGE('',*,*,#1897,.T.);
#2529=ORIENTED_EDGE('',*,*,#1898,.T.);
#2530=ORIENTED_EDGE('',*,*,#1899,.F.);
#2531=ORIENTED_EDGE('',*,*,#1870,.T.);
#2532=ORIENTED_EDGE('',*,*,#1898,.F.);
#2533=ORIENTED_EDGE('',*,*,#1900,.T.);
#2534=ORIENTED_EDGE('',*,*,#1901,.T.);
#2535=ORIENTED_EDGE('',*,*,#1902,.F.);
#2536=ORIENTED_EDGE('',*,*,#1903,.F.);
#2537=ORIENTED_EDGE('',*,*,#1904,.T.);
#2538=ORIENTED_EDGE('',*,*,#1868,.F.);
#2539=ORIENTED_EDGE('',*,*,#1905,.F.);
#2540=ORIENTED_EDGE('',*,*,#1903,.T.);
#2541=ORIENTED_EDGE('',*,*,#1906,.F.);
#2542=ORIENTED_EDGE('',*,*,#1907,.F.);
#2543=ORIENTED_EDGE('',*,*,#1908,.T.);
#2544=ORIENTED_EDGE('',*,*,#1909,.F.);
#2545=ORIENTED_EDGE('',*,*,#1910,.T.);
#2546=ORIENTED_EDGE('',*,*,#1873,.F.);
#2547=ORIENTED_EDGE('',*,*,#1911,.F.);
#2548=ORIENTED_EDGE('',*,*,#1909,.T.);
#2549=ORIENTED_EDGE('',*,*,#1912,.F.);
#2550=ORIENTED_EDGE('',*,*,#1913,.T.);
#2551=ORIENTED_EDGE('',*,*,#1914,.T.);
#2552=ORIENTED_EDGE('',*,*,#1915,.T.);
#2553=ORIENTED_EDGE('',*,*,#1916,.T.);
#2554=ORIENTED_EDGE('',*,*,#1917,.F.);
#2555=ORIENTED_EDGE('',*,*,#1875,.T.);
#2556=ORIENTED_EDGE('',*,*,#1916,.F.);
#2557=ORIENTED_EDGE('',*,*,#1918,.T.);
#2558=ORIENTED_EDGE('',*,*,#1919,.T.);
#2559=ORIENTED_EDGE('',*,*,#1920,.F.);
#2560=ORIENTED_EDGE('',*,*,#1921,.F.);
#2561=ORIENTED_EDGE('',*,*,#1922,.T.);
#2562=ORIENTED_EDGE('',*,*,#1877,.F.);
#2563=ORIENTED_EDGE('',*,*,#1923,.F.);
#2564=ORIENTED_EDGE('',*,*,#1921,.T.);
#2565=ORIENTED_EDGE('',*,*,#1924,.F.);
#2566=ORIENTED_EDGE('',*,*,#1925,.F.);
#2567=ORIENTED_EDGE('',*,*,#1926,.T.);
#2568=ORIENTED_EDGE('',*,*,#1927,.T.);
#2569=ORIENTED_EDGE('',*,*,#1928,.T.);
#2570=ORIENTED_EDGE('',*,*,#1929,.F.);
#2571=ORIENTED_EDGE('',*,*,#1879,.T.);
#2572=ORIENTED_EDGE('',*,*,#1928,.F.);
#2573=ORIENTED_EDGE('',*,*,#1930,.T.);
#2574=ORIENTED_EDGE('',*,*,#1931,.T.);
#2575=ORIENTED_EDGE('',*,*,#1932,.F.);
#2576=ORIENTED_EDGE('',*,*,#1933,.T.);
#2577=ORIENTED_EDGE('',*,*,#1862,.T.);
#2578=ORIENTED_EDGE('',*,*,#1776,.T.);
#2579=ORIENTED_EDGE('',*,*,#1934,.T.);
#2580=ORIENTED_EDGE('',*,*,#1856,.F.);
#2581=ORIENTED_EDGE('',*,*,#1863,.F.);
#2582=ORIENTED_EDGE('',*,*,#1933,.F.);
#2583=ORIENTED_EDGE('',*,*,#1935,.T.);
#2584=ORIENTED_EDGE('',*,*,#1936,.F.);
#2585=ORIENTED_EDGE('',*,*,#1883,.F.);
#2586=ORIENTED_EDGE('',*,*,#1884,.F.);
#2587=ORIENTED_EDGE('',*,*,#1936,.T.);
#2588=ORIENTED_EDGE('',*,*,#1937,.T.);
#2589=ORIENTED_EDGE('',*,*,#1774,.T.);
#2590=ORIENTED_EDGE('',*,*,#1781,.F.);
#2591=ORIENTED_EDGE('',*,*,#1861,.F.);
#2592=ORIENTED_EDGE('',*,*,#1934,.F.);
#2593=ORIENTED_EDGE('',*,*,#1775,.T.);
#2594=ORIENTED_EDGE('',*,*,#1937,.F.);
#2595=ORIENTED_EDGE('',*,*,#1935,.F.);
#2596=ORIENTED_EDGE('',*,*,#1878,.T.);
#2597=ORIENTED_EDGE('',*,*,#1922,.F.);
#2598=ORIENTED_EDGE('',*,*,#1926,.F.);
#2599=ORIENTED_EDGE('',*,*,#1938,.F.);
#2600=ORIENTED_EDGE('',*,*,#1930,.F.);
#2601=ORIENTED_EDGE('',*,*,#1927,.F.);
#2602=ORIENTED_EDGE('',*,*,#1938,.T.);
#2603=ORIENTED_EDGE('',*,*,#1925,.T.);
#2604=ORIENTED_EDGE('',*,*,#1939,.F.);
#2605=ORIENTED_EDGE('',*,*,#1931,.F.);
#2606=ORIENTED_EDGE('',*,*,#1940,.F.);
#2607=ORIENTED_EDGE('',*,*,#1874,.T.);
#2608=ORIENTED_EDGE('',*,*,#1910,.F.);
#2609=ORIENTED_EDGE('',*,*,#1914,.F.);
#2610=ORIENTED_EDGE('',*,*,#1941,.F.);
#2611=ORIENTED_EDGE('',*,*,#1918,.F.);
#2612=ORIENTED_EDGE('',*,*,#1915,.F.);
#2613=ORIENTED_EDGE('',*,*,#1941,.T.);
#2614=ORIENTED_EDGE('',*,*,#1913,.F.);
#2615=ORIENTED_EDGE('',*,*,#1942,.F.);
#2616=ORIENTED_EDGE('',*,*,#1919,.F.);
#2617=ORIENTED_EDGE('',*,*,#1943,.F.);
#2618=ORIENTED_EDGE('',*,*,#1865,.F.);
#2619=ORIENTED_EDGE('',*,*,#1886,.F.);
#2620=ORIENTED_EDGE('',*,*,#1890,.F.);
#2621=ORIENTED_EDGE('',*,*,#1944,.F.);
#2622=ORIENTED_EDGE('',*,*,#1894,.F.);
#2623=ORIENTED_EDGE('',*,*,#1891,.F.);
#2624=ORIENTED_EDGE('',*,*,#1944,.T.);
#2625=ORIENTED_EDGE('',*,*,#1889,.F.);
#2626=ORIENTED_EDGE('',*,*,#1945,.F.);
#2627=ORIENTED_EDGE('',*,*,#1895,.F.);
#2628=ORIENTED_EDGE('',*,*,#1946,.F.);
#2629=ORIENTED_EDGE('',*,*,#1869,.F.);
#2630=ORIENTED_EDGE('',*,*,#1904,.F.);
#2631=ORIENTED_EDGE('',*,*,#1908,.F.);
#2632=ORIENTED_EDGE('',*,*,#1947,.F.);
#2633=ORIENTED_EDGE('',*,*,#1900,.F.);
#2634=ORIENTED_EDGE('',*,*,#1897,.F.);
#2635=ORIENTED_EDGE('',*,*,#1948,.T.);
#2636=ORIENTED_EDGE('',*,*,#1949,.F.);
#2637=ORIENTED_EDGE('',*,*,#1950,.T.);
#2638=ORIENTED_EDGE('',*,*,#1951,.T.);
#2639=ORIENTED_EDGE('',*,*,#1952,.T.);
#2640=ORIENTED_EDGE('',*,*,#1953,.T.);
#2641=ORIENTED_EDGE('',*,*,#1954,.T.);
#2642=ORIENTED_EDGE('',*,*,#1955,.T.);
#2643=ORIENTED_EDGE('',*,*,#1956,.T.);
#2644=ORIENTED_EDGE('',*,*,#1957,.T.);
#2645=ORIENTED_EDGE('',*,*,#1958,.T.);
#2646=ORIENTED_EDGE('',*,*,#1959,.T.);
#2647=ORIENTED_EDGE('',*,*,#1960,.T.);
#2648=ORIENTED_EDGE('',*,*,#1961,.F.);
#2649=ORIENTED_EDGE('',*,*,#1962,.T.);
#2650=ORIENTED_EDGE('',*,*,#1963,.T.);
#2651=ORIENTED_EDGE('',*,*,#1964,.F.);
#2652=ORIENTED_EDGE('',*,*,#1965,.T.);
#2653=ORIENTED_EDGE('',*,*,#1712,.F.);
#2654=ORIENTED_EDGE('',*,*,#1965,.F.);
#2655=ORIENTED_EDGE('',*,*,#1966,.F.);
#2656=ORIENTED_EDGE('',*,*,#1967,.T.);
#2657=ORIENTED_EDGE('',*,*,#1713,.F.);
#2658=ORIENTED_EDGE('',*,*,#1967,.F.);
#2659=ORIENTED_EDGE('',*,*,#1968,.F.);
#2660=ORIENTED_EDGE('',*,*,#1969,.T.);
#2661=ORIENTED_EDGE('',*,*,#1714,.F.);
#2662=ORIENTED_EDGE('',*,*,#1969,.F.);
#2663=ORIENTED_EDGE('',*,*,#1970,.F.);
#2664=ORIENTED_EDGE('',*,*,#1971,.T.);
#2665=ORIENTED_EDGE('',*,*,#1715,.F.);
#2666=ORIENTED_EDGE('',*,*,#1971,.F.);
#2667=ORIENTED_EDGE('',*,*,#1972,.F.);
#2668=ORIENTED_EDGE('',*,*,#1973,.F.);
#2669=ORIENTED_EDGE('',*,*,#1974,.F.);
#2670=ORIENTED_EDGE('',*,*,#1975,.F.);
#2671=ORIENTED_EDGE('',*,*,#1975,.T.);
#2672=ORIENTED_EDGE('',*,*,#1976,.F.);
#2673=ORIENTED_EDGE('',*,*,#1977,.F.);
#2674=ORIENTED_EDGE('',*,*,#1978,.F.);
#2675=ORIENTED_EDGE('',*,*,#1974,.T.);
#2676=ORIENTED_EDGE('',*,*,#1979,.T.);
#2677=ORIENTED_EDGE('',*,*,#1980,.T.);
#2678=ORIENTED_EDGE('',*,*,#1976,.T.);
#2679=ORIENTED_EDGE('',*,*,#1981,.T.);
#2680=ORIENTED_EDGE('',*,*,#1973,.T.);
#2681=ORIENTED_EDGE('',*,*,#1982,.F.);
#2682=ORIENTED_EDGE('',*,*,#1983,.T.);
#2683=ORIENTED_EDGE('',*,*,#1979,.F.);
#2684=ORIENTED_EDGE('',*,*,#1984,.F.);
#2685=ORIENTED_EDGE('',*,*,#1985,.F.);
#2686=ORIENTED_EDGE('',*,*,#1986,.F.);
#2687=ORIENTED_EDGE('',*,*,#1987,.F.);
#2688=ORIENTED_EDGE('',*,*,#1988,.F.);
#2689=ORIENTED_EDGE('',*,*,#1989,.F.);
#2690=ORIENTED_EDGE('',*,*,#1990,.F.);
#2691=ORIENTED_EDGE('',*,*,#1991,.F.);
#2692=ORIENTED_EDGE('',*,*,#1991,.T.);
#2693=ORIENTED_EDGE('',*,*,#1992,.T.);
#2694=ORIENTED_EDGE('',*,*,#1993,.F.);
#2695=ORIENTED_EDGE('',*,*,#1994,.F.);
#2696=ORIENTED_EDGE('',*,*,#1990,.T.);
#2697=ORIENTED_EDGE('',*,*,#1995,.F.);
#2698=ORIENTED_EDGE('',*,*,#1996,.F.);
#2699=ORIENTED_EDGE('',*,*,#1992,.F.);
#2700=ORIENTED_EDGE('',*,*,#1997,.F.);
#2701=ORIENTED_EDGE('',*,*,#1998,.F.);
#2702=ORIENTED_EDGE('',*,*,#1999,.F.);
#2703=ORIENTED_EDGE('',*,*,#2000,.F.);
#2704=ORIENTED_EDGE('',*,*,#2001,.F.);
#2705=ORIENTED_EDGE('',*,*,#2001,.T.);
#2706=ORIENTED_EDGE('',*,*,#2002,.T.);
#2707=ORIENTED_EDGE('',*,*,#2003,.F.);
#2708=ORIENTED_EDGE('',*,*,#2004,.F.);
#2709=ORIENTED_EDGE('',*,*,#2005,.T.);
#2710=ORIENTED_EDGE('',*,*,#2006,.T.);
#2711=ORIENTED_EDGE('',*,*,#2007,.F.);
#2712=ORIENTED_EDGE('',*,*,#2006,.F.);
#2713=ORIENTED_EDGE('',*,*,#2008,.F.);
#2714=ORIENTED_EDGE('',*,*,#2003,.T.);
#2715=ORIENTED_EDGE('',*,*,#2009,.T.);
#2716=ORIENTED_EDGE('',*,*,#2010,.F.);
#2717=ORIENTED_EDGE('',*,*,#1999,.T.);
#2718=ORIENTED_EDGE('',*,*,#2011,.F.);
#2719=ORIENTED_EDGE('',*,*,#2010,.T.);
#2720=ORIENTED_EDGE('',*,*,#2012,.T.);
#2721=ORIENTED_EDGE('',*,*,#2000,.T.);
#2722=ORIENTED_EDGE('',*,*,#2012,.F.);
#2723=ORIENTED_EDGE('',*,*,#2009,.F.);
#2724=ORIENTED_EDGE('',*,*,#2002,.F.);
#2725=ORIENTED_EDGE('',*,*,#2005,.F.);
#2726=ORIENTED_EDGE('',*,*,#1997,.T.);
#2727=ORIENTED_EDGE('',*,*,#2013,.T.);
#2728=ORIENTED_EDGE('',*,*,#2014,.F.);
#2729=ORIENTED_EDGE('',*,*,#2013,.F.);
#2730=ORIENTED_EDGE('',*,*,#1989,.T.);
#2731=ORIENTED_EDGE('',*,*,#2015,.F.);
#2732=ORIENTED_EDGE('',*,*,#2016,.T.);
#2733=ORIENTED_EDGE('',*,*,#1995,.T.);
#2734=ORIENTED_EDGE('',*,*,#2017,.F.);
#2735=ORIENTED_EDGE('',*,*,#1993,.T.);
#2736=ORIENTED_EDGE('',*,*,#1996,.T.);
#2737=ORIENTED_EDGE('',*,*,#2016,.F.);
#2738=ORIENTED_EDGE('',*,*,#2018,.T.);
#2739=ORIENTED_EDGE('',*,*,#2019,.T.);
#2740=ORIENTED_EDGE('',*,*,#2020,.F.);
#2741=ORIENTED_EDGE('',*,*,#2019,.F.);
#2742=ORIENTED_EDGE('',*,*,#2021,.F.);
#2743=ORIENTED_EDGE('',*,*,#2022,.T.);
#2744=ORIENTED_EDGE('',*,*,#2023,.T.);
#2745=ORIENTED_EDGE('',*,*,#1956,.F.);
#2746=ORIENTED_EDGE('',*,*,#2024,.F.);
#2747=ORIENTED_EDGE('',*,*,#2025,.T.);
#2748=ORIENTED_EDGE('',*,*,#2026,.T.);
#2749=ORIENTED_EDGE('',*,*,#2022,.F.);
#2750=ORIENTED_EDGE('',*,*,#2027,.F.);
#2751=ORIENTED_EDGE('',*,*,#1958,.F.);
#2752=ORIENTED_EDGE('',*,*,#2028,.T.);
#2753=ORIENTED_EDGE('',*,*,#2025,.F.);
#2754=ORIENTED_EDGE('',*,*,#1957,.F.);
#2755=ORIENTED_EDGE('',*,*,#2023,.F.);
#2756=ORIENTED_EDGE('',*,*,#2026,.F.);
#2757=ORIENTED_EDGE('',*,*,#2028,.F.);
#2758=ORIENTED_EDGE('',*,*,#2018,.F.);
#2759=ORIENTED_EDGE('',*,*,#2029,.T.);
#2760=ORIENTED_EDGE('',*,*,#2030,.T.);
#2761=ORIENTED_EDGE('',*,*,#2031,.F.);
#2762=ORIENTED_EDGE('',*,*,#2030,.F.);
#2763=ORIENTED_EDGE('',*,*,#2032,.F.);
#2764=ORIENTED_EDGE('',*,*,#2033,.T.);
#2765=ORIENTED_EDGE('',*,*,#2034,.T.);
#2766=ORIENTED_EDGE('',*,*,#1952,.F.);
#2767=ORIENTED_EDGE('',*,*,#2035,.F.);
#2768=ORIENTED_EDGE('',*,*,#2036,.T.);
#2769=ORIENTED_EDGE('',*,*,#2037,.T.);
#2770=ORIENTED_EDGE('',*,*,#2033,.F.);
#2771=ORIENTED_EDGE('',*,*,#2038,.F.);
#2772=ORIENTED_EDGE('',*,*,#1954,.F.);
#2773=ORIENTED_EDGE('',*,*,#2039,.T.);
#2774=ORIENTED_EDGE('',*,*,#2036,.F.);
#2775=ORIENTED_EDGE('',*,*,#1953,.F.);
#2776=ORIENTED_EDGE('',*,*,#2034,.F.);
#2777=ORIENTED_EDGE('',*,*,#2037,.F.);
#2778=ORIENTED_EDGE('',*,*,#2039,.F.);
#2779=ORIENTED_EDGE('',*,*,#2029,.F.);
#2780=ORIENTED_EDGE('',*,*,#2031,.T.);
#2781=ORIENTED_EDGE('',*,*,#1964,.T.);
#2782=ORIENTED_EDGE('',*,*,#2020,.T.);
#2783=ORIENTED_EDGE('',*,*,#1968,.T.);
#2784=ORIENTED_EDGE('',*,*,#2014,.T.);
#2785=ORIENTED_EDGE('',*,*,#1966,.T.);
#2786=ORIENTED_EDGE('',*,*,#2007,.T.);
#2787=ORIENTED_EDGE('',*,*,#1970,.T.);
#2788=ORIENTED_EDGE('',*,*,#1981,.F.);
#2789=ORIENTED_EDGE('',*,*,#2040,.T.);
#2790=ORIENTED_EDGE('',*,*,#2041,.F.);
#2791=ORIENTED_EDGE('',*,*,#2040,.F.);
#2792=ORIENTED_EDGE('',*,*,#2042,.F.);
#2793=ORIENTED_EDGE('',*,*,#1977,.T.);
#2794=ORIENTED_EDGE('',*,*,#1980,.F.);
#2795=ORIENTED_EDGE('',*,*,#1983,.F.);
#2796=ORIENTED_EDGE('',*,*,#1911,.T.);
#2797=ORIENTED_EDGE('',*,*,#1872,.F.);
#2798=ORIENTED_EDGE('',*,*,#1843,.T.);
#2799=ORIENTED_EDGE('',*,*,#1851,.F.);
#2800=ORIENTED_EDGE('',*,*,#2043,.F.);
#2801=ORIENTED_EDGE('',*,*,#1880,.F.);
#2802=ORIENTED_EDGE('',*,*,#1929,.T.);
#2803=ORIENTED_EDGE('',*,*,#1932,.T.);
#2804=ORIENTED_EDGE('',*,*,#1939,.T.);
#2805=ORIENTED_EDGE('',*,*,#1924,.T.);
#2806=ORIENTED_EDGE('',*,*,#1923,.T.);
#2807=ORIENTED_EDGE('',*,*,#1876,.F.);
#2808=ORIENTED_EDGE('',*,*,#1917,.T.);
#2809=ORIENTED_EDGE('',*,*,#1920,.T.);
#2810=ORIENTED_EDGE('',*,*,#1942,.T.);
#2811=ORIENTED_EDGE('',*,*,#1912,.T.);
#2812=ORIENTED_EDGE('',*,*,#2044,.T.);
#2813=ORIENTED_EDGE('',*,*,#2045,.T.);
#2814=ORIENTED_EDGE('',*,*,#2046,.T.);
#2815=ORIENTED_EDGE('',*,*,#1951,.F.);
#2816=ORIENTED_EDGE('',*,*,#2047,.T.);
#2817=ORIENTED_EDGE('',*,*,#2048,.T.);
#2818=ORIENTED_EDGE('',*,*,#2049,.T.);
#2819=ORIENTED_EDGE('',*,*,#1963,.F.);
#2820=ORIENTED_EDGE('',*,*,#1984,.T.);
#2821=ORIENTED_EDGE('',*,*,#2050,.T.);
#2822=ORIENTED_EDGE('',*,*,#2051,.T.);
#2823=ORIENTED_EDGE('',*,*,#2052,.T.);
#2824=ORIENTED_EDGE('',*,*,#2042,.T.);
#2825=ORIENTED_EDGE('',*,*,#1982,.T.);
#2826=ORIENTED_EDGE('',*,*,#1972,.T.);
#2827=ORIENTED_EDGE('',*,*,#1978,.T.);
#2828=ORIENTED_EDGE('',*,*,#2053,.F.);
#2829=ORIENTED_EDGE('',*,*,#2054,.T.);
#2830=ORIENTED_EDGE('',*,*,#2055,.F.);
#2831=ORIENTED_EDGE('',*,*,#2054,.F.);
#2832=ORIENTED_EDGE('',*,*,#2047,.F.);
#2833=ORIENTED_EDGE('',*,*,#1962,.F.);
#2834=ORIENTED_EDGE('',*,*,#2056,.F.);
#2835=ORIENTED_EDGE('',*,*,#2057,.F.);
#2836=ORIENTED_EDGE('',*,*,#2048,.F.);
#2837=ORIENTED_EDGE('',*,*,#2057,.T.);
#2838=ORIENTED_EDGE('',*,*,#2058,.F.);
#2839=ORIENTED_EDGE('',*,*,#2059,.F.);
#2840=ORIENTED_EDGE('',*,*,#2049,.F.);
#2841=ORIENTED_EDGE('',*,*,#2059,.T.);
#2842=ORIENTED_EDGE('',*,*,#2060,.F.);
#2843=ORIENTED_EDGE('',*,*,#1960,.F.);
#2844=ORIENTED_EDGE('',*,*,#1961,.T.);
#2845=ORIENTED_EDGE('',*,*,#2060,.T.);
#2846=ORIENTED_EDGE('',*,*,#2058,.T.);
#2847=ORIENTED_EDGE('',*,*,#2056,.T.);
#2848=ORIENTED_EDGE('',*,*,#2053,.T.);
#2849=ORIENTED_EDGE('',*,*,#2041,.T.);
#2850=ORIENTED_EDGE('',*,*,#2061,.T.);
#2851=ORIENTED_EDGE('',*,*,#2062,.F.);
#2852=ORIENTED_EDGE('',*,*,#2063,.T.);
#2853=ORIENTED_EDGE('',*,*,#2064,.F.);
#2854=ORIENTED_EDGE('',*,*,#2063,.F.);
#2855=ORIENTED_EDGE('',*,*,#2044,.F.);
#2856=ORIENTED_EDGE('',*,*,#1950,.F.);
#2857=ORIENTED_EDGE('',*,*,#2065,.F.);
#2858=ORIENTED_EDGE('',*,*,#2066,.F.);
#2859=ORIENTED_EDGE('',*,*,#2045,.F.);
#2860=ORIENTED_EDGE('',*,*,#2066,.T.);
#2861=ORIENTED_EDGE('',*,*,#2067,.F.);
#2862=ORIENTED_EDGE('',*,*,#2068,.F.);
#2863=ORIENTED_EDGE('',*,*,#2046,.F.);
#2864=ORIENTED_EDGE('',*,*,#2068,.T.);
#2865=ORIENTED_EDGE('',*,*,#2069,.F.);
#2866=ORIENTED_EDGE('',*,*,#1948,.F.);
#2867=ORIENTED_EDGE('',*,*,#1949,.T.);
#2868=ORIENTED_EDGE('',*,*,#2069,.T.);
#2869=ORIENTED_EDGE('',*,*,#2067,.T.);
#2870=ORIENTED_EDGE('',*,*,#2065,.T.);
#2871=ORIENTED_EDGE('',*,*,#2062,.T.);
#2872=ORIENTED_EDGE('',*,*,#2055,.T.);
#2873=ORIENTED_EDGE('',*,*,#2070,.T.);
#2874=ORIENTED_EDGE('',*,*,#2071,.F.);
#2875=ORIENTED_EDGE('',*,*,#2072,.T.);
#2876=ORIENTED_EDGE('',*,*,#2073,.F.);
#2877=ORIENTED_EDGE('',*,*,#2072,.F.);
#2878=ORIENTED_EDGE('',*,*,#1987,.T.);
#2879=ORIENTED_EDGE('',*,*,#2074,.F.);
#2880=ORIENTED_EDGE('',*,*,#2075,.F.);
#2881=ORIENTED_EDGE('',*,*,#2050,.F.);
#2882=ORIENTED_EDGE('',*,*,#2051,.F.);
#2883=ORIENTED_EDGE('',*,*,#2075,.T.);
#2884=ORIENTED_EDGE('',*,*,#2076,.F.);
#2885=ORIENTED_EDGE('',*,*,#2077,.F.);
#2886=ORIENTED_EDGE('',*,*,#1985,.T.);
#2887=ORIENTED_EDGE('',*,*,#2052,.F.);
#2888=ORIENTED_EDGE('',*,*,#2077,.T.);
#2889=ORIENTED_EDGE('',*,*,#2078,.F.);
#2890=ORIENTED_EDGE('',*,*,#1986,.T.);
#2891=ORIENTED_EDGE('',*,*,#2078,.T.);
#2892=ORIENTED_EDGE('',*,*,#2076,.T.);
#2893=ORIENTED_EDGE('',*,*,#2074,.T.);
#2894=ORIENTED_EDGE('',*,*,#2071,.T.);
#2895=ORIENTED_EDGE('',*,*,#2064,.T.);
#2896=ORIENTED_EDGE('',*,*,#2079,.T.);
#2897=ORIENTED_EDGE('',*,*,#2080,.F.);
#2898=ORIENTED_EDGE('',*,*,#2081,.T.);
#2899=ORIENTED_EDGE('',*,*,#1748,.F.);
#2900=ORIENTED_EDGE('',*,*,#2081,.F.);
#2901=ORIENTED_EDGE('',*,*,#2061,.F.);
#2902=ORIENTED_EDGE('',*,*,#2082,.T.);
#2903=ORIENTED_EDGE('',*,*,#1749,.F.);
#2904=ORIENTED_EDGE('',*,*,#2082,.F.);
#2905=ORIENTED_EDGE('',*,*,#2070,.F.);
#2906=ORIENTED_EDGE('',*,*,#2083,.T.);
#2907=ORIENTED_EDGE('',*,*,#1750,.F.);
#2908=ORIENTED_EDGE('',*,*,#2083,.F.);
#2909=ORIENTED_EDGE('',*,*,#2079,.F.);
#2910=ORIENTED_EDGE('',*,*,#2084,.T.);
#2911=ORIENTED_EDGE('',*,*,#1751,.F.);
#2912=ORIENTED_EDGE('',*,*,#2084,.F.);
#2913=ORIENTED_EDGE('',*,*,#2085,.T.);
#2914=ORIENTED_EDGE('',*,*,#2086,.T.);
#2915=ORIENTED_EDGE('',*,*,#2087,.T.);
#2916=ORIENTED_EDGE('',*,*,#1719,.F.);
#2917=ORIENTED_EDGE('',*,*,#2085,.F.);
#2918=ORIENTED_EDGE('',*,*,#1718,.F.);
#2919=ORIENTED_EDGE('',*,*,#2088,.F.);
#2920=ORIENTED_EDGE('',*,*,#2089,.F.);
#2921=ORIENTED_EDGE('',*,*,#2090,.T.);
#2922=ORIENTED_EDGE('',*,*,#2091,.T.);
#2923=ORIENTED_EDGE('',*,*,#2092,.T.);
#2924=ORIENTED_EDGE('',*,*,#1721,.F.);
#2925=ORIENTED_EDGE('',*,*,#2087,.F.);
#2926=ORIENTED_EDGE('',*,*,#2093,.F.);
#2927=ORIENTED_EDGE('',*,*,#2090,.F.);
#2928=ORIENTED_EDGE('',*,*,#1720,.F.);
#2929=ORIENTED_EDGE('',*,*,#2094,.T.);
#2930=ORIENTED_EDGE('',*,*,#2095,.T.);
#2931=ORIENTED_EDGE('',*,*,#2096,.T.);
#2932=ORIENTED_EDGE('',*,*,#1723,.F.);
#2933=ORIENTED_EDGE('',*,*,#2092,.F.);
#2934=ORIENTED_EDGE('',*,*,#2097,.F.);
#2935=ORIENTED_EDGE('',*,*,#2094,.F.);
#2936=ORIENTED_EDGE('',*,*,#1722,.F.);
#2937=ORIENTED_EDGE('',*,*,#2098,.T.);
#2938=ORIENTED_EDGE('',*,*,#2099,.T.);
#2939=ORIENTED_EDGE('',*,*,#2088,.T.);
#2940=ORIENTED_EDGE('',*,*,#1717,.F.);
#2941=ORIENTED_EDGE('',*,*,#2096,.F.);
#2942=ORIENTED_EDGE('',*,*,#2100,.F.);
#2943=ORIENTED_EDGE('',*,*,#2098,.F.);
#2944=ORIENTED_EDGE('',*,*,#1716,.F.);
#2945=ORIENTED_EDGE('',*,*,#1947,.T.);
#2946=ORIENTED_EDGE('',*,*,#1907,.T.);
#2947=ORIENTED_EDGE('',*,*,#2101,.F.);
#2948=ORIENTED_EDGE('',*,*,#1901,.F.);
#2949=ORIENTED_EDGE('',*,*,#2102,.F.);
#2950=ORIENTED_EDGE('',*,*,#2102,.T.);
#2951=ORIENTED_EDGE('',*,*,#2103,.T.);
#2952=ORIENTED_EDGE('',*,*,#2104,.T.);
#2953=ORIENTED_EDGE('',*,*,#2103,.F.);
#2954=ORIENTED_EDGE('',*,*,#2104,.F.);
#2955=ORIENTED_EDGE('',*,*,#1943,.T.);
#2956=ORIENTED_EDGE('',*,*,#2105,.T.);
#2957=ORIENTED_EDGE('',*,*,#2106,.F.);
#2958=ORIENTED_EDGE('',*,*,#2105,.F.);
#2959=ORIENTED_EDGE('',*,*,#2106,.T.);
#2960=ORIENTED_EDGE('',*,*,#1946,.T.);
#2961=ORIENTED_EDGE('',*,*,#2107,.T.);
#2962=ORIENTED_EDGE('',*,*,#2108,.F.);
#2963=ORIENTED_EDGE('',*,*,#2107,.F.);
#2964=ORIENTED_EDGE('',*,*,#2108,.T.);
#2965=ORIENTED_EDGE('',*,*,#1940,.T.);
#2966=ORIENTED_EDGE('',*,*,#2109,.T.);
#2967=ORIENTED_EDGE('',*,*,#2110,.T.);
#2968=ORIENTED_EDGE('',*,*,#2109,.F.);
#2969=ORIENTED_EDGE('',*,*,#2110,.F.);
#2970=ORIENTED_EDGE('',*,*,#2073,.T.);
#2971=ORIENTED_EDGE('',*,*,#2080,.T.);
#2972=ORIENTED_EDGE('',*,*,#1817,.T.);
#2973=ORIENTED_EDGE('',*,*,#1848,.F.);
#2974=ORIENTED_EDGE('',*,*,#2111,.F.);
#2975=ORIENTED_EDGE('',*,*,#1881,.F.);
#2976=ORIENTED_EDGE('',*,*,#2043,.T.);
#2977=ORIENTED_EDGE('',*,*,#1850,.F.);
#2978=ORIENTED_EDGE('',*,*,#1829,.T.);
#2979=ORIENTED_EDGE('',*,*,#1804,.F.);
#2980=ORIENTED_EDGE('',*,*,#1831,.T.);
#2981=ORIENTED_EDGE('',*,*,#1849,.F.);
#2982=ORIENTED_EDGE('',*,*,#1815,.T.);
#2983=ORIENTED_EDGE('',*,*,#1800,.F.);
#2984=ORIENTED_EDGE('',*,*,#1887,.T.);
#2985=ORIENTED_EDGE('',*,*,#1882,.F.);
#2986=ORIENTED_EDGE('',*,*,#2111,.T.);
#2987=ORIENTED_EDGE('',*,*,#1847,.F.);
#2988=ORIENTED_EDGE('',*,*,#1845,.F.);
#2989=ORIENTED_EDGE('',*,*,#1871,.F.);
#2990=ORIENTED_EDGE('',*,*,#1899,.T.);
#2991=ORIENTED_EDGE('',*,*,#1902,.T.);
#2992=ORIENTED_EDGE('',*,*,#2101,.T.);
#2993=ORIENTED_EDGE('',*,*,#1906,.T.);
#2994=ORIENTED_EDGE('',*,*,#1905,.T.);
#2995=ORIENTED_EDGE('',*,*,#1867,.F.);
#2996=ORIENTED_EDGE('',*,*,#1893,.T.);
#2997=ORIENTED_EDGE('',*,*,#1896,.T.);
#2998=ORIENTED_EDGE('',*,*,#1945,.T.);
#2999=ORIENTED_EDGE('',*,*,#1888,.T.);
#3000=ORIENTED_EDGE('',*,*,#2038,.T.);
#3001=ORIENTED_EDGE('',*,*,#2035,.T.);
#3002=ORIENTED_EDGE('',*,*,#2032,.T.);
#3003=ORIENTED_EDGE('',*,*,#1955,.F.);
#3004=ORIENTED_EDGE('',*,*,#2027,.T.);
#3005=ORIENTED_EDGE('',*,*,#2024,.T.);
#3006=ORIENTED_EDGE('',*,*,#2021,.T.);
#3007=ORIENTED_EDGE('',*,*,#1959,.F.);
#3008=ORIENTED_EDGE('',*,*,#2100,.T.);
#3009=ORIENTED_EDGE('',*,*,#2095,.F.);
#3010=ORIENTED_EDGE('',*,*,#2097,.T.);
#3011=ORIENTED_EDGE('',*,*,#2091,.F.);
#3012=ORIENTED_EDGE('',*,*,#2093,.T.);
#3013=ORIENTED_EDGE('',*,*,#2086,.F.);
#3014=ORIENTED_EDGE('',*,*,#2089,.T.);
#3015=ORIENTED_EDGE('',*,*,#2099,.F.);
#3016=ORIENTED_EDGE('',*,*,#1994,.T.);
#3017=ORIENTED_EDGE('',*,*,#2017,.T.);
#3018=ORIENTED_EDGE('',*,*,#2015,.T.);
#3019=ORIENTED_EDGE('',*,*,#1988,.T.);
#3020=ORIENTED_EDGE('',*,*,#2008,.T.);
#3021=ORIENTED_EDGE('',*,*,#2011,.T.);
#3022=ORIENTED_EDGE('',*,*,#1998,.T.);
#3023=ORIENTED_EDGE('',*,*,#2004,.T.);
#3024=PLANE('',#3340);
#3025=PLANE('',#3341);
#3026=PLANE('',#3345);
#3027=PLANE('',#3346);
#3028=PLANE('',#3350);
#3029=PLANE('',#3354);
#3030=PLANE('',#3381);
#3031=PLANE('',#3392);
#3032=PLANE('',#3396);
#3033=PLANE('',#3399);
#3034=PLANE('',#3402);
#3035=PLANE('',#3407);
#3036=PLANE('',#3410);
#3037=PLANE('',#3411);
#3038=PLANE('',#3414);
#3039=PLANE('',#3415);
#3040=PLANE('',#3418);
#3041=PLANE('',#3419);
#3042=PLANE('',#3420);
#3043=PLANE('',#3421);
#3044=PLANE('',#3422);
#3045=PLANE('',#3435);
#3046=PLANE('',#3436);
#3047=PLANE('',#3437);
#3048=PLANE('',#3438);
#3049=PLANE('',#3439);
#3050=PLANE('',#3440);
#3051=PLANE('',#3441);
#3052=PLANE('',#3442);
#3053=PLANE('',#3443);
#3054=PLANE('',#3444);
#3055=PLANE('',#3445);
#3056=PLANE('',#3446);
#3057=PLANE('',#3447);
#3058=PLANE('',#3448);
#3059=PLANE('',#3449);
#3060=PLANE('',#3450);
#3061=PLANE('',#3451);
#3062=PLANE('',#3452);
#3063=PLANE('',#3453);
#3064=PLANE('',#3454);
#3065=PLANE('',#3455);
#3066=PLANE('',#3456);
#3067=PLANE('',#3457);
#3068=PLANE('',#3458);
#3069=PLANE('',#3462);
#3070=PLANE('',#3466);
#3071=PLANE('',#3470);
#3072=PLANE('',#3474);
#3073=PLANE('',#3478);
#3074=PLANE('',#3482);
#3075=PLANE('',#3486);
#3076=PLANE('',#3490);
#3077=PLANE('',#3491);
#3078=PLANE('',#3492);
#3079=PLANE('',#3493);
#3080=PLANE('',#3494);
#3081=PLANE('',#3495);
#3082=PLANE('',#3496);
#3083=PLANE('',#3498);
#3084=PLANE('',#3499);
#3085=PLANE('',#3501);
#3086=PLANE('',#3502);
#3087=PLANE('',#3504);
#3088=PLANE('',#3505);
#3089=PLANE('',#3506);
#3090=PLANE('',#3507);
#3091=PLANE('',#3508);
#3092=PLANE('',#3517);
#3093=PLANE('',#3518);
#3094=PLANE('',#3519);
#3095=PLANE('',#3521);
#3096=PLANE('',#3522);
#3097=PLANE('',#3523);
#3098=PLANE('',#3524);
#3099=PLANE('',#3525);
#3100=PLANE('',#3527);
#3101=PLANE('',#3528);
#3102=PLANE('',#3532);
#3103=PLANE('',#3533);
#3104=PLANE('',#3534);
#3105=PLANE('',#3537);
#3106=PLANE('',#3538);
#3107=PLANE('',#3542);
#3108=PLANE('',#3543);
#3109=PLANE('',#3544);
#3110=PLANE('',#3545);
#3111=PLANE('',#3549);
#3112=PLANE('',#3550);
#3113=PLANE('',#3551);
#3114=PLANE('',#3552);
#3115=PLANE('',#3553);
#3116=PLANE('',#3554);
#3117=PLANE('',#3555);
#3118=PLANE('',#3556);
#3119=PLANE('',#3559);
#3120=PLANE('',#3560);
#3121=PLANE('',#3564);
#3122=PLANE('',#3565);
#3123=PLANE('',#3566);
#3124=PLANE('',#3567);
#3125=PLANE('',#3568);
#3126=PLANE('',#3573);
#3127=PLANE('',#3574);
#3128=PLANE('',#3575);
#3129=PLANE('',#3576);
#3130=PLANE('',#3577);
#3131=PLANE('',#3582);
#3132=PLANE('',#3583);
#3133=PLANE('',#3584);
#3134=PLANE('',#3585);
#3135=PLANE('',#3586);
#3136=PLANE('',#3595);
#3137=PLANE('',#3598);
#3138=PLANE('',#3601);
#3139=PLANE('',#3604);
#3140=PLANE('',#3605);
#3141=PLANE('',#3609);
#3142=PLANE('',#3612);
#3143=PLANE('',#3615);
#3144=PLANE('',#3618);
#3145=PLANE('',#3619);
#3146=PLANE('',#3620);
#3147=PLANE('',#3621);
#3148=ADVANCED_FACE('',(#234),#3024,.F.);
#3149=ADVANCED_FACE('',(#235),#3025,.F.);
#3150=ADVANCED_FACE('',(#236),#184,.F.);
#3151=ADVANCED_FACE('',(#237),#3026,.F.);
#3152=ADVANCED_FACE('',(#238),#3027,.F.);
#3153=ADVANCED_FACE('',(#239),#185,.F.);
#3154=ADVANCED_FACE('',(#240),#3028,.F.);
#3155=ADVANCED_FACE('',(#241),#186,.F.);
#3156=ADVANCED_FACE('',(#242),#3029,.F.);
#3157=ADVANCED_FACE('',(#243),#187,.T.);
#3158=ADVANCED_FACE('',(#244),#80,.T.);
#3159=ADVANCED_FACE('',(#245),#188,.T.);
#3160=ADVANCED_FACE('',(#246),#81,.T.);
#3161=ADVANCED_FACE('',(#247),#189,.T.);
#3162=ADVANCED_FACE('',(#248),#82,.T.);
#3163=ADVANCED_FACE('',(#249),#190,.T.);
#3164=ADVANCED_FACE('',(#250),#83,.T.);
#3165=ADVANCED_FACE('',(#251),#191,.T.);
#3166=ADVANCED_FACE('',(#252,#19,#20,#21,#22,#23),#3030,.T.);
#3167=ADVANCED_FACE('',(#253),#192,.T.);
#3168=ADVANCED_FACE('',(#254,#24,#25,#26,#27,#28,#29),#3031,.T.);
#3169=ADVANCED_FACE('',(#255,#30),#3032,.T.);
#3170=ADVANCED_FACE('',(#256),#193,.T.);
#3171=ADVANCED_FACE('',(#257),#3033,.T.);
#3172=ADVANCED_FACE('',(#258),#194,.T.);
#3173=ADVANCED_FACE('',(#259,#31,#32,#33,#34),#3034,.T.);
#3174=ADVANCED_FACE('',(#260),#3035,.F.);
#3175=ADVANCED_FACE('',(#261),#195,.F.);
#3176=ADVANCED_FACE('',(#262),#3036,.F.);
#3177=ADVANCED_FACE('',(#263),#3037,.F.);
#3178=ADVANCED_FACE('',(#264),#196,.F.);
#3179=ADVANCED_FACE('',(#265),#3038,.F.);
#3180=ADVANCED_FACE('',(#266),#3039,.F.);
#3181=ADVANCED_FACE('',(#267),#197,.F.);
#3182=ADVANCED_FACE('',(#268),#3040,.F.);
#3183=ADVANCED_FACE('',(#269),#3041,.F.);
#3184=ADVANCED_FACE('',(#270),#3042,.F.);
#3185=ADVANCED_FACE('',(#271),#3043,.F.);
#3186=ADVANCED_FACE('',(#272),#3044,.F.);
#3187=ADVANCED_FACE('',(#273),#198,.F.);
#3188=ADVANCED_FACE('',(#274),#199,.F.);
#3189=ADVANCED_FACE('',(#275),#200,.F.);
#3190=ADVANCED_FACE('',(#276),#201,.F.);
#3191=ADVANCED_FACE('',(#277,#35),#3045,.T.);
#3192=ADVANCED_FACE('',(#278,#36),#3046,.T.);
#3193=ADVANCED_FACE('',(#279,#37),#3047,.T.);
#3194=ADVANCED_FACE('',(#280,#38),#3048,.T.);
#3195=ADVANCED_FACE('',(#281),#3049,.T.);
#3196=ADVANCED_FACE('',(#282),#3050,.T.);
#3197=ADVANCED_FACE('',(#283),#3051,.T.);
#3198=ADVANCED_FACE('',(#284),#3052,.T.);
#3199=ADVANCED_FACE('',(#285),#3053,.T.);
#3200=ADVANCED_FACE('',(#286),#3054,.T.);
#3201=ADVANCED_FACE('',(#287),#3055,.T.);
#3202=ADVANCED_FACE('',(#288),#3056,.T.);
#3203=ADVANCED_FACE('',(#289),#3057,.T.);
#3204=ADVANCED_FACE('',(#290),#3058,.T.);
#3205=ADVANCED_FACE('',(#291),#3059,.T.);
#3206=ADVANCED_FACE('',(#292),#3060,.T.);
#3207=ADVANCED_FACE('',(#293,#39,#40,#41,#42,#43,#44),#3061,.T.);
#3208=ADVANCED_FACE('',(#294,#45,#46,#47,#48,#49),#3062,.T.);
#3209=ADVANCED_FACE('',(#295),#3063,.T.);
#3210=ADVANCED_FACE('',(#296),#3064,.T.);
#3211=ADVANCED_FACE('',(#297),#3065,.T.);
#3212=ADVANCED_FACE('',(#298),#3066,.T.);
#3213=ADVANCED_FACE('',(#299),#3067,.T.);
#3214=ADVANCED_FACE('',(#300,#50),#3068,.F.);
#3215=ADVANCED_FACE('',(#301),#202,.F.);
#3216=ADVANCED_FACE('',(#302),#3069,.T.);
#3217=ADVANCED_FACE('',(#303),#203,.F.);
#3218=ADVANCED_FACE('',(#304),#3070,.T.);
#3219=ADVANCED_FACE('',(#305),#204,.F.);
#3220=ADVANCED_FACE('',(#306),#3071,.T.);
#3221=ADVANCED_FACE('',(#307),#205,.F.);
#3222=ADVANCED_FACE('',(#308),#3072,.T.);
#3223=ADVANCED_FACE('',(#309),#206,.F.);
#3224=ADVANCED_FACE('',(#310),#3073,.T.);
#3225=ADVANCED_FACE('',(#311),#207,.F.);
#3226=ADVANCED_FACE('',(#312),#3074,.T.);
#3227=ADVANCED_FACE('',(#313),#208,.F.);
#3228=ADVANCED_FACE('',(#314),#3075,.T.);
#3229=ADVANCED_FACE('',(#315),#209,.F.);
#3230=ADVANCED_FACE('',(#316),#3076,.T.);
#3231=ADVANCED_FACE('',(#317),#3077,.T.);
#3232=ADVANCED_FACE('',(#318),#3078,.F.);
#3233=ADVANCED_FACE('',(#319),#3079,.F.);
#3234=ADVANCED_FACE('',(#320),#3080,.F.);
#3235=ADVANCED_FACE('',(#321),#3081,.T.);
#3236=ADVANCED_FACE('',(#322,#51),#3082,.T.);
#3237=ADVANCED_FACE('',(#323),#3083,.T.);
#3238=ADVANCED_FACE('',(#324,#52),#3084,.T.);
#3239=ADVANCED_FACE('',(#325),#3085,.F.);
#3240=ADVANCED_FACE('',(#326,#53),#3086,.T.);
#3241=ADVANCED_FACE('',(#327),#3087,.F.);
#3242=ADVANCED_FACE('',(#328),#3088,.T.);
#3243=ADVANCED_FACE('',(#329),#3089,.T.);
#3244=ADVANCED_FACE('',(#330),#3090,.T.);
#3245=ADVANCED_FACE('',(#331),#3091,.T.);
#3246=ADVANCED_FACE('',(#332),#210,.F.);
#3247=ADVANCED_FACE('',(#333),#211,.F.);
#3248=ADVANCED_FACE('',(#334),#212,.F.);
#3249=ADVANCED_FACE('',(#335),#213,.F.);
#3250=ADVANCED_FACE('',(#336),#3092,.F.);
#3251=ADVANCED_FACE('',(#337),#3093,.T.);
#3252=ADVANCED_FACE('',(#338,#54),#3094,.T.);
#3253=ADVANCED_FACE('',(#339),#3095,.T.);
#3254=ADVANCED_FACE('',(#340),#3096,.F.);
#3255=ADVANCED_FACE('',(#341),#3097,.F.);
#3256=ADVANCED_FACE('',(#342),#3098,.F.);
#3257=ADVANCED_FACE('',(#343,#55),#3099,.F.);
#3258=ADVANCED_FACE('',(#344),#3100,.F.);
#3259=ADVANCED_FACE('',(#345),#3101,.F.);
#3260=ADVANCED_FACE('',(#346),#214,.F.);
#3261=ADVANCED_FACE('',(#347),#3102,.F.);
#3262=ADVANCED_FACE('',(#348),#3103,.F.);
#3263=ADVANCED_FACE('',(#349,#56),#3104,.F.);
#3264=ADVANCED_FACE('',(#350),#215,.F.);
#3265=ADVANCED_FACE('',(#351),#3105,.F.);
#3266=ADVANCED_FACE('',(#352),#3106,.F.);
#3267=ADVANCED_FACE('',(#353),#216,.F.);
#3268=ADVANCED_FACE('',(#354),#3107,.F.);
#3269=ADVANCED_FACE('',(#355),#3108,.F.);
#3270=ADVANCED_FACE('',(#356),#3109,.F.);
#3271=ADVANCED_FACE('',(#357,#57),#3110,.F.);
#3272=ADVANCED_FACE('',(#358),#217,.F.);
#3273=ADVANCED_FACE('',(#359),#3111,.F.);
#3274=ADVANCED_FACE('',(#360),#3112,.F.);
#3275=ADVANCED_FACE('',(#361),#3113,.F.);
#3276=ADVANCED_FACE('',(#362,#58),#3114,.F.);
#3277=ADVANCED_FACE('',(#363,#59),#3115,.T.);
#3278=ADVANCED_FACE('',(#364,#60),#3116,.T.);
#3279=ADVANCED_FACE('',(#365,#61),#3117,.T.);
#3280=ADVANCED_FACE('',(#366,#62),#3118,.T.);
#3281=ADVANCED_FACE('',(#367),#218,.F.);
#3282=ADVANCED_FACE('',(#368),#3119,.T.);
#3283=ADVANCED_FACE('',(#369,#63,#64,#65,#66),#3120,.T.);
#3284=ADVANCED_FACE('',(#370),#219,.F.);
#3285=ADVANCED_FACE('',(#371),#3121,.T.);
#3286=ADVANCED_FACE('',(#372),#3122,.T.);
#3287=ADVANCED_FACE('',(#373),#3123,.T.);
#3288=ADVANCED_FACE('',(#374,#67),#3124,.T.);
#3289=ADVANCED_FACE('',(#375,#68),#3125,.T.);
#3290=ADVANCED_FACE('',(#376),#220,.F.);
#3291=ADVANCED_FACE('',(#377),#3126,.T.);
#3292=ADVANCED_FACE('',(#378),#3127,.T.);
#3293=ADVANCED_FACE('',(#379),#3128,.T.);
#3294=ADVANCED_FACE('',(#380,#69),#3129,.T.);
#3295=ADVANCED_FACE('',(#381,#70),#3130,.T.);
#3296=ADVANCED_FACE('',(#382),#221,.F.);
#3297=ADVANCED_FACE('',(#383),#3131,.T.);
#3298=ADVANCED_FACE('',(#384),#3132,.T.);
#3299=ADVANCED_FACE('',(#385),#3133,.T.);
#3300=ADVANCED_FACE('',(#386,#71),#3134,.T.);
#3301=ADVANCED_FACE('',(#387,#72),#3135,.T.);
#3302=ADVANCED_FACE('',(#388),#222,.F.);
#3303=ADVANCED_FACE('',(#389),#223,.F.);
#3304=ADVANCED_FACE('',(#390),#224,.F.);
#3305=ADVANCED_FACE('',(#391),#225,.F.);
#3306=ADVANCED_FACE('',(#392),#226,.F.);
#3307=ADVANCED_FACE('',(#393),#3136,.F.);
#3308=ADVANCED_FACE('',(#394),#227,.F.);
#3309=ADVANCED_FACE('',(#395),#3137,.F.);
#3310=ADVANCED_FACE('',(#396),#228,.F.);
#3311=ADVANCED_FACE('',(#397),#3138,.F.);
#3312=ADVANCED_FACE('',(#398),#229,.F.);
#3313=ADVANCED_FACE('',(#399),#3139,.F.);
#3314=ADVANCED_FACE('',(#400,#73),#3140,.T.);
#3315=ADVANCED_FACE('',(#401),#230,.F.);
#3316=ADVANCED_FACE('',(#402),#3141,.T.);
#3317=ADVANCED_FACE('',(#403),#231,.F.);
#3318=ADVANCED_FACE('',(#404),#3142,.F.);
#3319=ADVANCED_FACE('',(#405),#232,.F.);
#3320=ADVANCED_FACE('',(#406),#3143,.F.);
#3321=ADVANCED_FACE('',(#407),#233,.F.);
#3322=ADVANCED_FACE('',(#408),#3144,.T.);
#3323=ADVANCED_FACE('',(#409,#74),#3145,.T.);
#3324=ADVANCED_FACE('',(#410),#3146,.T.);
#3325=ADVANCED_FACE('',(#411,#75,#76,#77,#78,#79),#3147,.T.);
#3326=CLOSED_SHELL('',(#3148,#3149,#3150,#3151,#3152,#3153,#3154,#3155,
#3156,#3157,#3158,#3159,#3160,#3161,#3162,#3163,#3164,#3165,#3166,#3167,
#3168,#3169,#3170,#3171,#3172,#3173,#3174,#3175,#3176,#3177,#3178,#3179,
#3180,#3181,#3182,#3183,#3184,#3185,#3186,#3187,#3188,#3189,#3190,#3191,
#3192,#3193,#3194,#3195,#3196,#3197,#3198,#3199,#3200,#3201,#3202,#3203,
#3204,#3205,#3206,#3207,#3208,#3209,#3210,#3211,#3212,#3213,#3214,#3215,
#3216,#3217,#3218,#3219,#3220,#3221,#3222,#3223,#3224,#3225,#3226,#3227,
#3228,#3229,#3230,#3231,#3232,#3233,#3234,#3235,#3236,#3237,#3238,#3239,
#3240,#3241,#3242,#3243,#3244,#3245,#3246,#3247,#3248,#3249,#3250,#3251,
#3252,#3253,#3254,#3255,#3256,#3257,#3258,#3259,#3260,#3261,#3262,#3263,
#3264,#3265,#3266,#3267,#3268,#3269,#3270,#3271,#3272,#3273,#3274,#3275,
#3276,#3277,#3278,#3279,#3280,#3281,#3282,#3283,#3284,#3285,#3286,#3287,
#3288,#3289,#3290,#3291,#3292,#3293,#3294,#3295,#3296,#3297,#3298,#3299,
#3300,#3301,#3302,#3303,#3304,#3305,#3306,#3307,#3308,#3309,#3310,#3311,
#3312,#3313,#3314,#3315,#3316,#3317,#3318,#3319,#3320,#3321,#3322,#3323,
#3324,#3325));
#3327=DERIVED_UNIT_ELEMENT(#3329,1.);
#3328=DERIVED_UNIT_ELEMENT(#5481,-3.);
#3329=(
MASS_UNIT()
NAMED_UNIT(*)
SI_UNIT(.KILO.,.GRAM.)
);
#3330=DERIVED_UNIT((#3327,#3328));
#3331=MEASURE_REPRESENTATION_ITEM('density measure',
POSITIVE_RATIO_MEASURE(7850.),#3330);
#3332=PROPERTY_DEFINITION_REPRESENTATION(#3337,#3334);
#3333=PROPERTY_DEFINITION_REPRESENTATION(#3338,#3335);
#3334=REPRESENTATION('material name',(#3336),#5478);
#3335=REPRESENTATION('density',(#3331),#5478);
#3336=DESCRIPTIVE_REPRESENTATION_ITEM('Steel','Steel');
#3337=PROPERTY_DEFINITION('material property','material name',#5488);
#3338=PROPERTY_DEFINITION('material property','density of part',#5488);
#3339=AXIS2_PLACEMENT_3D('',#4540,#3622,#3623);
#3340=AXIS2_PLACEMENT_3D('',#4541,#3624,#3625);
#3341=AXIS2_PLACEMENT_3D('',#4550,#3630,#3631);
#3342=AXIS2_PLACEMENT_3D('',#4556,#3635,#3636);
#3343=AXIS2_PLACEMENT_3D('',#4557,#3637,#3638);
#3344=AXIS2_PLACEMENT_3D('',#4558,#3639,#3640);
#3345=AXIS2_PLACEMENT_3D('',#4559,#3641,#3642);
#3346=AXIS2_PLACEMENT_3D('',#4568,#3647,#3648);
#3347=AXIS2_PLACEMENT_3D('',#4574,#3652,#3653);
#3348=AXIS2_PLACEMENT_3D('',#4575,#3654,#3655);
#3349=AXIS2_PLACEMENT_3D('',#4576,#3656,#3657);
#3350=AXIS2_PLACEMENT_3D('',#4577,#3658,#3659);
#3351=AXIS2_PLACEMENT_3D('',#4586,#3664,#3665);
#3352=AXIS2_PLACEMENT_3D('',#4588,#3666,#3667);
#3353=AXIS2_PLACEMENT_3D('',#4590,#3668,#3669);
#3354=AXIS2_PLACEMENT_3D('',#4592,#3671,#3672);
#3355=AXIS2_PLACEMENT_3D('',#4595,#3675,#3676);
#3356=AXIS2_PLACEMENT_3D('',#4598,#3677,#3678);
#3357=AXIS2_PLACEMENT_3D('',#4602,#3680,#3681);
#3358=AXIS2_PLACEMENT_3D('',#4604,#3683,#3684);
#3359=AXIS2_PLACEMENT_3D('',#4607,#3685,#3686);
#3360=AXIS2_PLACEMENT_3D('',#4608,#3687,#3688);
#3361=AXIS2_PLACEMENT_3D('',#4609,#3689,#3690);
#3362=AXIS2_PLACEMENT_3D('',#4610,#3691,#3692);
#3363=AXIS2_PLACEMENT_3D('',#4613,#3693,#3694);
#3364=AXIS2_PLACEMENT_3D('',#4616,#3697,#3698);
#3365=AXIS2_PLACEMENT_3D('',#4619,#3699,#3700);
#3366=AXIS2_PLACEMENT_3D('',#4620,#3701,#3702);
#3367=AXIS2_PLACEMENT_3D('',#4621,#3703,#3704);
#3368=AXIS2_PLACEMENT_3D('',#4622,#3705,#3706);
#3369=AXIS2_PLACEMENT_3D('',#4625,#3707,#3708);
#3370=AXIS2_PLACEMENT_3D('',#4628,#3711,#3712);
#3371=AXIS2_PLACEMENT_3D('',#4631,#3713,#3714);
#3372=AXIS2_PLACEMENT_3D('',#4632,#3715,#3716);
#3373=AXIS2_PLACEMENT_3D('',#4633,#3717,#3718);
#3374=AXIS2_PLACEMENT_3D('',#4634,#3719,#3720);
#3375=AXIS2_PLACEMENT_3D('',#4637,#3721,#3722);
#3376=AXIS2_PLACEMENT_3D('',#4640,#3725,#3726);
#3377=AXIS2_PLACEMENT_3D('',#4641,#3727,#3728);
#3378=AXIS2_PLACEMENT_3D('',#4642,#3729,#3730);
#3379=AXIS2_PLACEMENT_3D('',#4643,#3731,#3732);
#3380=AXIS2_PLACEMENT_3D('',#4647,#3734,#3735);
#3381=AXIS2_PLACEMENT_3D('',#4649,#3737,#3738);
#3382=AXIS2_PLACEMENT_3D('',#4654,#3741,#3742);
#3383=AXIS2_PLACEMENT_3D('',#4656,#3743,#3744);
#3384=AXIS2_PLACEMENT_3D('',#4658,#3745,#3746);
#3385=AXIS2_PLACEMENT_3D('',#4660,#3747,#3748);
#3386=AXIS2_PLACEMENT_3D('',#4665,#3750,#3751);
#3387=AXIS2_PLACEMENT_3D('',#4669,#3753,#3754);
#3388=AXIS2_PLACEMENT_3D('',#4673,#3756,#3757);
#3389=AXIS2_PLACEMENT_3D('',#4676,#3759,#3760);
#3390=AXIS2_PLACEMENT_3D('',#4677,#3761,#3762);
#3391=AXIS2_PLACEMENT_3D('',#4680,#3764,#3765);
#3392=AXIS2_PLACEMENT_3D('',#4681,#3766,#3767);
#3393=AXIS2_PLACEMENT_3D('',#4687,#3770,#3771);
#3394=AXIS2_PLACEMENT_3D('',#4693,#3774,#3775);
#3395=AXIS2_PLACEMENT_3D('',#4699,#3778,#3779);
#3396=AXIS2_PLACEMENT_3D('',#4703,#3782,#3783);
#3397=AXIS2_PLACEMENT_3D('',#4712,#3788,#3789);
#3398=AXIS2_PLACEMENT_3D('',#4716,#3791,#3792);
#3399=AXIS2_PLACEMENT_3D('',#4718,#3794,#3795);
#3400=AXIS2_PLACEMENT_3D('',#4720,#3797,#3798);
#3401=AXIS2_PLACEMENT_3D('',#4723,#3800,#3801);
#3402=AXIS2_PLACEMENT_3D('',#4724,#3802,#3803);
#3403=AXIS2_PLACEMENT_3D('',#4727,#3805,#3806);
#3404=AXIS2_PLACEMENT_3D('',#4729,#3807,#3808);
#3405=AXIS2_PLACEMENT_3D('',#4731,#3809,#3810);
#3406=AXIS2_PLACEMENT_3D('',#4733,#3811,#3812);
#3407=AXIS2_PLACEMENT_3D('',#4734,#3813,#3814);
#3408=AXIS2_PLACEMENT_3D('',#4740,#3818,#3819);
#3409=AXIS2_PLACEMENT_3D('',#4742,#3820,#3821);
#3410=AXIS2_PLACEMENT_3D('',#4744,#3823,#3824);
#3411=AXIS2_PLACEMENT_3D('',#4746,#3826,#3827);
#3412=AXIS2_PLACEMENT_3D('',#4752,#3831,#3832);
#3413=AXIS2_PLACEMENT_3D('',#4754,#3833,#3834);
#3414=AXIS2_PLACEMENT_3D('',#4756,#3836,#3837);
#3415=AXIS2_PLACEMENT_3D('',#4758,#3839,#3840);
#3416=AXIS2_PLACEMENT_3D('',#4764,#3844,#3845);
#3417=AXIS2_PLACEMENT_3D('',#4766,#3846,#3847);
#3418=AXIS2_PLACEMENT_3D('',#4768,#3849,#3850);
#3419=AXIS2_PLACEMENT_3D('',#4770,#3852,#3853);
#3420=AXIS2_PLACEMENT_3D('',#4776,#3857,#3858);
#3421=AXIS2_PLACEMENT_3D('',#4788,#3865,#3866);
#3422=AXIS2_PLACEMENT_3D('',#4799,#3873,#3874);
#3423=AXIS2_PLACEMENT_3D('',#4800,#3875,#3876);
#3424=AXIS2_PLACEMENT_3D('',#4802,#3877,#3878);
#3425=AXIS2_PLACEMENT_3D('',#4805,#3880,#3881);
#3426=AXIS2_PLACEMENT_3D('',#4806,#3882,#3883);
#3427=AXIS2_PLACEMENT_3D('',#4808,#3884,#3885);
#3428=AXIS2_PLACEMENT_3D('',#4811,#3887,#3888);
#3429=AXIS2_PLACEMENT_3D('',#4812,#3889,#3890);
#3430=AXIS2_PLACEMENT_3D('',#4814,#3891,#3892);
#3431=AXIS2_PLACEMENT_3D('',#4817,#3894,#3895);
#3432=AXIS2_PLACEMENT_3D('',#4818,#3896,#3897);
#3433=AXIS2_PLACEMENT_3D('',#4820,#3898,#3899);
#3434=AXIS2_PLACEMENT_3D('',#4823,#3901,#3902);
#3435=AXIS2_PLACEMENT_3D('',#4824,#3903,#3904);
#3436=AXIS2_PLACEMENT_3D('',#4833,#3909,#3910);
#3437=AXIS2_PLACEMENT_3D('',#4842,#3915,#3916);
#3438=AXIS2_PLACEMENT_3D('',#4851,#3921,#3922);
#3439=AXIS2_PLACEMENT_3D('',#4860,#3927,#3928);
#3440=AXIS2_PLACEMENT_3D('',#4866,#3932,#3933);
#3441=AXIS2_PLACEMENT_3D('',#4872,#3937,#3938);
#3442=AXIS2_PLACEMENT_3D('',#4874,#3940,#3941);
#3443=AXIS2_PLACEMENT_3D('',#4880,#3945,#3946);
#3444=AXIS2_PLACEMENT_3D('',#4886,#3950,#3951);
#3445=AXIS2_PLACEMENT_3D('',#4888,#3953,#3954);
#3446=AXIS2_PLACEMENT_3D('',#4894,#3958,#3959);
#3447=AXIS2_PLACEMENT_3D('',#4900,#3963,#3964);
#3448=AXIS2_PLACEMENT_3D('',#4902,#3966,#3967);
#3449=AXIS2_PLACEMENT_3D('',#4908,#3971,#3972);
#3450=AXIS2_PLACEMENT_3D('',#4912,#3975,#3976);
#3451=AXIS2_PLACEMENT_3D('',#4916,#3979,#3980);
#3452=AXIS2_PLACEMENT_3D('',#4927,#3987,#3988);
#3453=AXIS2_PLACEMENT_3D('',#4935,#3994,#3995);
#3454=AXIS2_PLACEMENT_3D('',#4941,#3999,#4000);
#3455=AXIS2_PLACEMENT_3D('',#4949,#4005,#4006);
#3456=AXIS2_PLACEMENT_3D('',#4951,#4008,#4009);
#3457=AXIS2_PLACEMENT_3D('',#4955,#4012,#4013);
#3458=AXIS2_PLACEMENT_3D('',#4959,#4016,#4017);
#3459=AXIS2_PLACEMENT_3D('',#5000,#4039,#4040);
#3460=AXIS2_PLACEMENT_3D('',#5004,#4042,#4043);
#3461=AXIS2_PLACEMENT_3D('',#5005,#4044,#4045);
#3462=AXIS2_PLACEMENT_3D('',#5006,#4046,#4047);
#3463=AXIS2_PLACEMENT_3D('',#5012,#4051,#4052);
#3464=AXIS2_PLACEMENT_3D('',#5014,#4053,#4054);
#3465=AXIS2_PLACEMENT_3D('',#5017,#4056,#4057);
#3466=AXIS2_PLACEMENT_3D('',#5018,#4058,#4059);
#3467=AXIS2_PLACEMENT_3D('',#5024,#4063,#4064);
#3468=AXIS2_PLACEMENT_3D('',#5026,#4065,#4066);
#3469=AXIS2_PLACEMENT_3D('',#5029,#4068,#4069);
#3470=AXIS2_PLACEMENT_3D('',#5030,#4070,#4071);
#3471=AXIS2_PLACEMENT_3D('',#5036,#4075,#4076);
#3472=AXIS2_PLACEMENT_3D('',#5040,#4078,#4079);
#3473=AXIS2_PLACEMENT_3D('',#5041,#4080,#4081);
#3474=AXIS2_PLACEMENT_3D('',#5042,#4082,#4083);
#3475=AXIS2_PLACEMENT_3D('',#5048,#4087,#4088);
#3476=AXIS2_PLACEMENT_3D('',#5052,#4090,#4091);
#3477=AXIS2_PLACEMENT_3D('',#5053,#4092,#4093);
#3478=AXIS2_PLACEMENT_3D('',#5054,#4094,#4095);
#3479=AXIS2_PLACEMENT_3D('',#5060,#4099,#4100);
#3480=AXIS2_PLACEMENT_3D('',#5062,#4101,#4102);
#3481=AXIS2_PLACEMENT_3D('',#5065,#4104,#4105);
#3482=AXIS2_PLACEMENT_3D('',#5066,#4106,#4107);
#3483=AXIS2_PLACEMENT_3D('',#5072,#4111,#4112);
#3484=AXIS2_PLACEMENT_3D('',#5076,#4114,#4115);
#3485=AXIS2_PLACEMENT_3D('',#5077,#4116,#4117);
#3486=AXIS2_PLACEMENT_3D('',#5078,#4118,#4119);
#3487=AXIS2_PLACEMENT_3D('',#5084,#4123,#4124);
#3488=AXIS2_PLACEMENT_3D('',#5086,#4125,#4126);
#3489=AXIS2_PLACEMENT_3D('',#5089,#4128,#4129);
#3490=AXIS2_PLACEMENT_3D('',#5090,#4130,#4131);
#3491=AXIS2_PLACEMENT_3D('',#5096,#4135,#4136);
#3492=AXIS2_PLACEMENT_3D('',#5100,#4139,#4140);
#3493=AXIS2_PLACEMENT_3D('',#5104,#4143,#4144);
#3494=AXIS2_PLACEMENT_3D('',#5106,#4146,#4147);
#3495=AXIS2_PLACEMENT_3D('',#5107,#4148,#4149);
#3496=AXIS2_PLACEMENT_3D('',#5109,#4151,#4152);
#3497=AXIS2_PLACEMENT_3D('',#5112,#4154,#4155);
#3498=AXIS2_PLACEMENT_3D('',#5113,#4156,#4157);
#3499=AXIS2_PLACEMENT_3D('',#5115,#4159,#4160);
#3500=AXIS2_PLACEMENT_3D('',#5118,#4162,#4163);
#3501=AXIS2_PLACEMENT_3D('',#5119,#4164,#4165);
#3502=AXIS2_PLACEMENT_3D('',#5121,#4167,#4168);
#3503=AXIS2_PLACEMENT_3D('',#5124,#4170,#4171);
#3504=AXIS2_PLACEMENT_3D('',#5125,#4172,#4173);
#3505=AXIS2_PLACEMENT_3D('',#5127,#4175,#4176);
#3506=AXIS2_PLACEMENT_3D('',#5136,#4181,#4182);
#3507=AXIS2_PLACEMENT_3D('',#5145,#4187,#4188);
#3508=AXIS2_PLACEMENT_3D('',#5154,#4193,#4194);
#3509=AXIS2_PLACEMENT_3D('',#5163,#4199,#4200);
#3510=AXIS2_PLACEMENT_3D('',#5165,#4201,#4202);
#3511=AXIS2_PLACEMENT_3D('',#5167,#4204,#4205);
#3512=AXIS2_PLACEMENT_3D('',#5169,#4206,#4207);
#3513=AXIS2_PLACEMENT_3D('',#5171,#4209,#4210);
#3514=AXIS2_PLACEMENT_3D('',#5173,#4211,#4212);
#3515=AXIS2_PLACEMENT_3D('',#5175,#4214,#4215);
#3516=AXIS2_PLACEMENT_3D('',#5177,#4216,#4217);
#3517=AXIS2_PLACEMENT_3D('',#5179,#4219,#4220);
#3518=AXIS2_PLACEMENT_3D('',#5188,#4225,#4226);
#3519=AXIS2_PLACEMENT_3D('',#5194,#4230,#4231);
#3520=AXIS2_PLACEMENT_3D('',#5199,#4234,#4235);
#3521=AXIS2_PLACEMENT_3D('',#5200,#4236,#4237);
#3522=AXIS2_PLACEMENT_3D('',#5204,#4240,#4241);
#3523=AXIS2_PLACEMENT_3D('',#5213,#4246,#4247);
#3524=AXIS2_PLACEMENT_3D('',#5222,#4252,#4253);
#3525=AXIS2_PLACEMENT_3D('',#5228,#4257,#4258);
#3526=AXIS2_PLACEMENT_3D('',#5233,#4261,#4262);
#3527=AXIS2_PLACEMENT_3D('',#5234,#4263,#4264);
#3528=AXIS2_PLACEMENT_3D('',#5243,#4269,#4270);
#3529=AXIS2_PLACEMENT_3D('',#5249,#4274,#4275);
#3530=AXIS2_PLACEMENT_3D('',#5251,#4276,#4277);
#3531=AXIS2_PLACEMENT_3D('',#5254,#4279,#4280);
#3532=AXIS2_PLACEMENT_3D('',#5255,#4281,#4282);
#3533=AXIS2_PLACEMENT_3D('',#5261,#4286,#4287);
#3534=AXIS2_PLACEMENT_3D('',#5264,#4290,#4291);
#3535=AXIS2_PLACEMENT_3D('',#5265,#4292,#4293);
#3536=AXIS2_PLACEMENT_3D('',#5268,#4295,#4296);
#3537=AXIS2_PLACEMENT_3D('',#5269,#4297,#4298);
#3538=AXIS2_PLACEMENT_3D('',#5273,#4301,#4302);
#3539=AXIS2_PLACEMENT_3D('',#5275,#4304,#4305);
#3540=AXIS2_PLACEMENT_3D('',#5277,#4306,#4307);
#3541=AXIS2_PLACEMENT_3D('',#5280,#4309,#4310);
#3542=AXIS2_PLACEMENT_3D('',#5281,#4311,#4312);
#3543=AXIS2_PLACEMENT_3D('',#5287,#4316,#4317);
#3544=AXIS2_PLACEMENT_3D('',#5293,#4321,#4322);
#3545=AXIS2_PLACEMENT_3D('',#5296,#4325,#4326);
#3546=AXIS2_PLACEMENT_3D('',#5297,#4327,#4328);
#3547=AXIS2_PLACEMENT_3D('',#5299,#4329,#4330);
#3548=AXIS2_PLACEMENT_3D('',#5302,#4332,#4333);
#3549=AXIS2_PLACEMENT_3D('',#5303,#4334,#4335);
#3550=AXIS2_PLACEMENT_3D('',#5309,#4339,#4340);
#3551=AXIS2_PLACEMENT_3D('',#5315,#4344,#4345);
#3552=AXIS2_PLACEMENT_3D('',#5318,#4348,#4349);
#3553=AXIS2_PLACEMENT_3D('',#5319,#4350,#4351);
#3554=AXIS2_PLACEMENT_3D('',#5320,#4352,#4353);
#3555=AXIS2_PLACEMENT_3D('',#5321,#4354,#4355);
#3556=AXIS2_PLACEMENT_3D('',#5322,#4356,#4357);
#3557=AXIS2_PLACEMENT_3D('',#5323,#4358,#4359);
#3558=AXIS2_PLACEMENT_3D('',#5326,#4361,#4362);
#3559=AXIS2_PLACEMENT_3D('',#5327,#4363,#4364);
#3560=AXIS2_PLACEMENT_3D('',#5329,#4366,#4367);
#3561=AXIS2_PLACEMENT_3D('',#5346,#4378,#4379);
#3562=AXIS2_PLACEMENT_3D('',#5348,#4380,#4381);
#3563=AXIS2_PLACEMENT_3D('',#5351,#4383,#4384);
#3564=AXIS2_PLACEMENT_3D('',#5352,#4385,#4386);
#3565=AXIS2_PLACEMENT_3D('',#5356,#4389,#4390);
#3566=AXIS2_PLACEMENT_3D('',#5360,#4393,#4394);
#3567=AXIS2_PLACEMENT_3D('',#5362,#4396,#4397);
#3568=AXIS2_PLACEMENT_3D('',#5363,#4398,#4399);
#3569=AXIS2_PLACEMENT_3D('',#5365,#4400,#4401);
#3570=AXIS2_PLACEMENT_3D('',#5366,#4402,#4403);
#3571=AXIS2_PLACEMENT_3D('',#5368,#4404,#4405);
#3572=AXIS2_PLACEMENT_3D('',#5371,#4407,#4408);
#3573=AXIS2_PLACEMENT_3D('',#5372,#4409,#4410);
#3574=AXIS2_PLACEMENT_3D('',#5376,#4413,#4414);
#3575=AXIS2_PLACEMENT_3D('',#5380,#4417,#4418);
#3576=AXIS2_PLACEMENT_3D('',#5382,#4420,#4421);
#3577=AXIS2_PLACEMENT_3D('',#5383,#4422,#4423);
#3578=AXIS2_PLACEMENT_3D('',#5385,#4424,#4425);
#3579=AXIS2_PLACEMENT_3D('',#5386,#4426,#4427);
#3580=AXIS2_PLACEMENT_3D('',#5388,#4428,#4429);
#3581=AXIS2_PLACEMENT_3D('',#5391,#4431,#4432);
#3582=AXIS2_PLACEMENT_3D('',#5392,#4433,#4434);
#3583=AXIS2_PLACEMENT_3D('',#5396,#4437,#4438);
#3584=AXIS2_PLACEMENT_3D('',#5400,#4441,#4442);
#3585=AXIS2_PLACEMENT_3D('',#5402,#4444,#4445);
#3586=AXIS2_PLACEMENT_3D('',#5403,#4446,#4447);
#3587=AXIS2_PLACEMENT_3D('',#5405,#4448,#4449);
#3588=AXIS2_PLACEMENT_3D('',#5406,#4450,#4451);
#3589=AXIS2_PLACEMENT_3D('',#5408,#4452,#4453);
#3590=AXIS2_PLACEMENT_3D('',#5410,#4455,#4456);
#3591=AXIS2_PLACEMENT_3D('',#5412,#4458,#4459);
#3592=AXIS2_PLACEMENT_3D('',#5414,#4461,#4462);
#3593=AXIS2_PLACEMENT_3D('',#5416,#4464,#4465);
#3594=AXIS2_PLACEMENT_3D('',#5420,#4467,#4468);
#3595=AXIS2_PLACEMENT_3D('',#5422,#4470,#4471);
#3596=AXIS2_PLACEMENT_3D('',#5426,#4474,#4475);
#3597=AXIS2_PLACEMENT_3D('',#5430,#4477,#4478);
#3598=AXIS2_PLACEMENT_3D('',#5432,#4480,#4481);
#3599=AXIS2_PLACEMENT_3D('',#5434,#4483,#4484);
#3600=AXIS2_PLACEMENT_3D('',#5438,#4486,#4487);
#3601=AXIS2_PLACEMENT_3D('',#5440,#4489,#4490);
#3602=AXIS2_PLACEMENT_3D('',#5442,#4492,#4493);
#3603=AXIS2_PLACEMENT_3D('',#5445,#4495,#4496);
#3604=AXIS2_PLACEMENT_3D('',#5446,#4497,#4498);
#3605=AXIS2_PLACEMENT_3D('',#5448,#4500,#4501);
#3606=AXIS2_PLACEMENT_3D('',#5451,#4503,#4504);
#3607=AXIS2_PLACEMENT_3D('',#5452,#4505,#4506);
#3608=AXIS2_PLACEMENT_3D('',#5455,#4508,#4509);
#3609=AXIS2_PLACEMENT_3D('',#5456,#4510,#4511);
#3610=AXIS2_PLACEMENT_3D('',#5457,#4512,#4513);
#3611=AXIS2_PLACEMENT_3D('',#5460,#4515,#4516);
#3612=AXIS2_PLACEMENT_3D('',#5461,#4517,#4518);
#3613=AXIS2_PLACEMENT_3D('',#5462,#4519,#4520);
#3614=AXIS2_PLACEMENT_3D('',#5465,#4522,#4523);
#3615=AXIS2_PLACEMENT_3D('',#5466,#4524,#4525);
#3616=AXIS2_PLACEMENT_3D('',#5467,#4526,#4527);
#3617=AXIS2_PLACEMENT_3D('',#5470,#4529,#4530);
#3618=AXIS2_PLACEMENT_3D('',#5471,#4531,#4532);
#3619=AXIS2_PLACEMENT_3D('',#5472,#4533,#4534);
#3620=AXIS2_PLACEMENT_3D('',#5473,#4535,#4536);
#3621=AXIS2_PLACEMENT_3D('',#5475,#4538,#4539);
#3622=DIRECTION('axis',(0.,0.,1.));
#3623=DIRECTION('refdir',(1.,0.,0.));
#3624=DIRECTION('center_axis',(-0.727272727272729,0.,-0.686348585024612));
#3625=DIRECTION('ref_axis',(-0.686348585024612,0.,0.727272727272729));
#3626=DIRECTION('',(0.686348585024612,0.,-0.727272727272729));
#3627=DIRECTION('',(0.,1.,0.));
#3628=DIRECTION('',(-0.686348585024612,0.,0.727272727272729));
#3629=DIRECTION('',(0.,-1.,0.));
#3630=DIRECTION('center_axis',(0.727272727272728,0.,-0.686348585024613));
#3631=DIRECTION('ref_axis',(-0.686348585024613,0.,-0.727272727272728));
#3632=DIRECTION('',(0.686348585024613,0.,0.727272727272728));
#3633=DIRECTION('',(-0.686348585024613,0.,-0.727272727272728));
#3634=DIRECTION('',(0.,1.,0.));
#3635=DIRECTION('center_axis',(0.,1.,0.));
#3636=DIRECTION('ref_axis',(-6.86319687950097E-15,0.,1.));
#3637=DIRECTION('center_axis',(0.,-1.,0.));
#3638=DIRECTION('ref_axis',(-0.68634858502459,0.,-0.727272727272749));
#3639=DIRECTION('center_axis',(0.,1.,0.));
#3640=DIRECTION('ref_axis',(-0.68634858502459,0.,-0.727272727272749));
#3641=DIRECTION('center_axis',(-0.727272727272728,0.,-0.686348585024613));
#3642=DIRECTION('ref_axis',(-0.686348585024613,0.,0.727272727272728));
#3643=DIRECTION('',(0.686348585024613,0.,-0.727272727272728));
#3644=DIRECTION('',(0.,1.,0.));
#3645=DIRECTION('',(-0.686348585024613,0.,0.727272727272728));
#3646=DIRECTION('',(0.,-1.,0.));
#3647=DIRECTION('center_axis',(0.727272727272728,0.,-0.686348585024613));
#3648=DIRECTION('ref_axis',(-0.686348585024613,0.,-0.727272727272728));
#3649=DIRECTION('',(0.686348585024613,0.,0.727272727272728));
#3650=DIRECTION('',(-0.686348585024613,0.,-0.727272727272728));
#3651=DIRECTION('',(0.,1.,0.));
#3652=DIRECTION('center_axis',(0.,1.,0.));
#3653=DIRECTION('ref_axis',(-4.03717463500057E-16,0.,1.));
#3654=DIRECTION('center_axis',(0.,-1.,0.));
#3655=DIRECTION('ref_axis',(-0.686348585024613,0.,-0.727272727272728));
#3656=DIRECTION('center_axis',(0.,1.,0.));
#3657=DIRECTION('ref_axis',(-0.686348585024613,0.,-0.727272727272728));
#3658=DIRECTION('center_axis',(0.727272727272727,0.,-0.686348585024613));
#3659=DIRECTION('ref_axis',(0.686348585024613,0.,0.727272727272727));
#3660=DIRECTION('',(0.686348585024613,0.,0.727272727272727));
#3661=DIRECTION('',(0.,-1.,0.));
#3662=DIRECTION('',(-0.686348585024613,0.,-0.727272727272727));
#3663=DIRECTION('',(0.,1.,0.));
#3664=DIRECTION('center_axis',(0.,-1.,0.));
#3665=DIRECTION('ref_axis',(-9.58828975812635E-15,0.,1.));
#3666=DIRECTION('center_axis',(0.,-1.,0.));
#3667=DIRECTION('ref_axis',(-0.686348585024586,0.,-0.727272727272754));
#3668=DIRECTION('center_axis',(0.,1.,0.));
#3669=DIRECTION('ref_axis',(-0.686348585024586,0.,-0.727272727272754));
#3670=DIRECTION('',(0.,1.,0.));
#3671=DIRECTION('center_axis',(-0.727272727272729,0.,-0.686348585024612));
#3672=DIRECTION('ref_axis',(0.686348585024612,0.,-0.727272727272729));
#3673=DIRECTION('',(0.686348585024612,0.,-0.727272727272729));
#3674=DIRECTION('',(-0.686348585024612,0.,0.727272727272729));
#3675=DIRECTION('center_axis',(1.,0.,0.));
#3676=DIRECTION('ref_axis',(0.,0.70710678118654,0.707106781186555));
#3677=DIRECTION('center_axis',(1.,-4.44089209850072E-14,0.));
#3678=DIRECTION('ref_axis',(4.44089209850072E-14,1.,0.));
#3679=DIRECTION('',(1.,0.,0.));
#3680=DIRECTION('center_axis',(-1.,0.,0.));
#3681=DIRECTION('ref_axis',(0.,0.,1.));
#3682=DIRECTION('',(-1.,0.,0.));
#3683=DIRECTION('center_axis',(0.,0.,-1.));
#3684=DIRECTION('ref_axis',(-1.,0.,0.));
#3685=DIRECTION('center_axis',(0.,1.,0.));
#3686=DIRECTION('ref_axis',(0.,0.,1.));
#3687=DIRECTION('center_axis',(0.,0.,1.));
#3688=DIRECTION('ref_axis',(0.707106781186548,0.707106781186548,0.));
#3689=DIRECTION('center_axis',(0.,0.,-1.));
#3690=DIRECTION('ref_axis',(0.707106781186548,0.707106781186548,0.));
#3691=DIRECTION('center_axis',(0.,1.,0.));
#3692=DIRECTION('ref_axis',(0.70710678118654,0.,0.707106781186555));
#3693=DIRECTION('center_axis',(0.,1.,0.));
#3694=DIRECTION('ref_axis',(0.,0.,1.));
#3695=DIRECTION('',(0.,1.,0.));
#3696=DIRECTION('',(0.,-1.,0.));
#3697=DIRECTION('center_axis',(0.,0.,-1.));
#3698=DIRECTION('ref_axis',(-1.,0.,0.));
#3699=DIRECTION('center_axis',(1.,0.,0.));
#3700=DIRECTION('ref_axis',(0.,0.,1.));
#3701=DIRECTION('center_axis',(0.,0.,1.));
#3702=DIRECTION('ref_axis',(0.707106781186548,-0.707106781186548,0.));
#3703=DIRECTION('center_axis',(0.,0.,-1.));
#3704=DIRECTION('ref_axis',(0.707106781186548,-0.707106781186548,0.));
#3705=DIRECTION('center_axis',(1.,0.,0.));
#3706=DIRECTION('ref_axis',(0.,-0.70710678118654,0.707106781186555));
#3707=DIRECTION('center_axis',(1.,0.,0.));
#3708=DIRECTION('ref_axis',(0.,0.,1.));
#3709=DIRECTION('',(1.,0.,0.));
#3710=DIRECTION('',(-1.,0.,0.));
#3711=DIRECTION('center_axis',(0.,0.,-1.));
#3712=DIRECTION('ref_axis',(-1.,0.,0.));
#3713=DIRECTION('center_axis',(0.,-1.,0.));
#3714=DIRECTION('ref_axis',(0.,0.,1.));
#3715=DIRECTION('center_axis',(0.,0.,1.));
#3716=DIRECTION('ref_axis',(-0.707106781186548,-0.707106781186548,0.));
#3717=DIRECTION('center_axis',(0.,0.,-1.));
#3718=DIRECTION('ref_axis',(-0.707106781186548,-0.707106781186548,0.));
#3719=DIRECTION('center_axis',(0.,1.,0.));
#3720=DIRECTION('ref_axis',(-0.70710678118654,0.,0.707106781186555));
#3721=DIRECTION('center_axis',(0.,-1.,0.));
#3722=DIRECTION('ref_axis',(0.,0.,1.));
#3723=DIRECTION('',(0.,-1.,0.));
#3724=DIRECTION('',(0.,1.,0.));
#3725=DIRECTION('center_axis',(0.,0.,-1.));
#3726=DIRECTION('ref_axis',(-1.,0.,0.));
#3727=DIRECTION('center_axis',(0.,0.,1.));
#3728=DIRECTION('ref_axis',(-0.707106781186548,0.707106781186548,0.));
#3729=DIRECTION('center_axis',(0.,0.,-1.));
#3730=DIRECTION('ref_axis',(-0.707106781186548,0.707106781186548,0.));
#3731=DIRECTION('center_axis',(0.,0.,1.));
#3732=DIRECTION('ref_axis',(-0.707106781186541,-0.707106781186554,0.));
#3733=DIRECTION('',(0.,0.,-1.));
#3734=DIRECTION('center_axis',(0.,0.,1.));
#3735=DIRECTION('ref_axis',(-0.707106781186541,-0.707106781186554,0.));
#3736=DIRECTION('',(0.,0.,1.));
#3737=DIRECTION('center_axis',(-1.,0.,0.));
#3738=DIRECTION('ref_axis',(0.,-1.,0.));
#3739=DIRECTION('',(0.,0.,1.));
#3740=DIRECTION('',(0.,1.,0.));
#3741=DIRECTION('center_axis',(1.,0.,0.));
#3742=DIRECTION('ref_axis',(0.,-1.,0.));
#3743=DIRECTION('center_axis',(1.,0.,0.));
#3744=DIRECTION('ref_axis',(0.,-1.,0.));
#3745=DIRECTION('center_axis',(1.,0.,0.));
#3746=DIRECTION('ref_axis',(0.,-1.,0.));
#3747=DIRECTION('center_axis',(1.,0.,0.));
#3748=DIRECTION('ref_axis',(0.,-1.,0.));
#3749=DIRECTION('',(0.,-3.1720657846433E-16,1.));
#3750=DIRECTION('center_axis',(1.,0.,0.));
#3751=DIRECTION('ref_axis',(0.,0.707106781186547,0.707106781186548));
#3752=DIRECTION('',(0.,-1.,0.));
#3753=DIRECTION('center_axis',(1.,0.,0.));
#3754=DIRECTION('ref_axis',(0.,-0.707106781186547,0.707106781186548));
#3755=DIRECTION('',(0.,-3.96508223080413E-17,-1.));
#3756=DIRECTION('center_axis',(1.,0.,0.));
#3757=DIRECTION('ref_axis',(0.,-0.707106781186548,-0.707106781186547));
#3758=DIRECTION('',(0.,1.,0.));
#3759=DIRECTION('center_axis',(1.,0.,0.));
#3760=DIRECTION('ref_axis',(0.,0.707106781186548,-0.707106781186547));
#3761=DIRECTION('center_axis',(0.,0.,1.));
#3762=DIRECTION('ref_axis',(-0.707106781186541,0.707106781186554,0.));
#3763=DIRECTION('',(0.,0.,-1.));
#3764=DIRECTION('center_axis',(0.,0.,1.));
#3765=DIRECTION('ref_axis',(-0.707106781186541,0.707106781186554,0.));
#3766=DIRECTION('center_axis',(0.,1.,0.));
#3767=DIRECTION('ref_axis',(-1.,0.,0.));
#3768=DIRECTION('',(0.,0.,1.));
#3769=DIRECTION('',(-1.,0.,0.));
#3770=DIRECTION('center_axis',(0.,-1.,0.));
#3771=DIRECTION('ref_axis',(-0.6863485850246,0.,-0.72727272727274));
#3772=DIRECTION('',(0.686348585024613,0.,-0.727272727272728));
#3773=DIRECTION('',(0.686348585024612,0.,0.727272727272729));
#3774=DIRECTION('center_axis',(0.,-1.,0.));
#3775=DIRECTION('ref_axis',(-0.686348585024613,0.,-0.727272727272728));
#3776=DIRECTION('',(0.686348585024613,0.,-0.727272727272728));
#3777=DIRECTION('',(0.686348585024613,0.,0.727272727272728));
#3778=DIRECTION('center_axis',(0.,-1.,0.));
#3779=DIRECTION('ref_axis',(-0.6863485850246,0.,-0.72727272727274));
#3780=DIRECTION('',(0.686348585024613,0.,-0.727272727272728));
#3781=DIRECTION('',(0.686348585024612,0.,0.727272727272729));
#3782=DIRECTION('center_axis',(0.,0.,1.));
#3783=DIRECTION('ref_axis',(1.,0.,0.));
#3784=DIRECTION('',(-1.,0.,0.));
#3785=DIRECTION('',(0.,1.,0.));
#3786=DIRECTION('',(1.,0.,0.));
#3787=DIRECTION('',(0.,-1.,0.));
#3788=DIRECTION('center_axis',(0.,0.,-1.));
#3789=DIRECTION('ref_axis',(0.707106781186541,-0.707106781186554,0.));
#3790=DIRECTION('',(0.,0.,-1.));
#3791=DIRECTION('center_axis',(0.,0.,1.));
#3792=DIRECTION('ref_axis',(0.707106781186541,-0.707106781186554,0.));
#3793=DIRECTION('',(0.,0.,1.));
#3794=DIRECTION('center_axis',(0.,-1.,0.));
#3795=DIRECTION('ref_axis',(0.,0.,-1.));
#3796=DIRECTION('',(-1.,0.,0.));
#3797=DIRECTION('center_axis',(0.,0.,-1.));
#3798=DIRECTION('ref_axis',(0.707106781186548,0.707106781186548,0.));
#3799=DIRECTION('',(0.,0.,-1.));
#3800=DIRECTION('center_axis',(0.,0.,1.));
#3801=DIRECTION('ref_axis',(0.707106781186548,0.707106781186548,0.));
#3802=DIRECTION('center_axis',(1.,0.,0.));
#3803=DIRECTION('ref_axis',(0.,1.,0.));
#3804=DIRECTION('',(0.,1.,0.));
#3805=DIRECTION('center_axis',(-1.,0.,0.));
#3806=DIRECTION('ref_axis',(0.,-1.,0.));
#3807=DIRECTION('center_axis',(-1.,0.,0.));
#3808=DIRECTION('ref_axis',(0.,-1.,0.));
#3809=DIRECTION('center_axis',(-1.,0.,0.));
#3810=DIRECTION('ref_axis',(0.,-1.,0.));
#3811=DIRECTION('center_axis',(-1.,0.,0.));
#3812=DIRECTION('ref_axis',(0.,-1.,0.));
#3813=DIRECTION('center_axis',(-0.727272727272728,0.,-0.686348585024613));
#3814=DIRECTION('ref_axis',(0.686348585024613,0.,-0.727272727272728));
#3815=DIRECTION('',(-0.686348585024613,0.,0.727272727272728));
#3816=DIRECTION('',(0.,-1.,0.));
#3817=DIRECTION('',(0.,1.,0.));
#3818=DIRECTION('center_axis',(0.,-1.,0.));
#3819=DIRECTION('ref_axis',(6.3585500501259E-15,0.,1.));
#3820=DIRECTION('center_axis',(0.,1.,0.));
#3821=DIRECTION('ref_axis',(-0.6863485850246,0.,-0.72727272727274));
#3822=DIRECTION('',(0.,-1.,0.));
#3823=DIRECTION('center_axis',(0.727272727272729,0.,-0.686348585024612));
#3824=DIRECTION('ref_axis',(0.686348585024612,0.,0.727272727272729));
#3825=DIRECTION('',(-0.686348585024612,0.,-0.727272727272729));
#3826=DIRECTION('center_axis',(-0.727272727272728,0.,-0.686348585024613));
#3827=DIRECTION('ref_axis',(0.686348585024613,0.,-0.727272727272728));
#3828=DIRECTION('',(-0.686348585024613,0.,0.727272727272728));
#3829=DIRECTION('',(0.,-1.,0.));
#3830=DIRECTION('',(0.,1.,0.));
#3831=DIRECTION('center_axis',(0.,-1.,0.));
#3832=DIRECTION('ref_axis',(-1.00929365875014E-16,0.,1.));
#3833=DIRECTION('center_axis',(0.,1.,0.));
#3834=DIRECTION('ref_axis',(-0.686348585024613,0.,-0.727272727272728));
#3835=DIRECTION('',(0.,-1.,0.));
#3836=DIRECTION('center_axis',(0.727272727272728,0.,-0.686348585024613));
#3837=DIRECTION('ref_axis',(0.686348585024613,0.,0.727272727272728));
#3838=DIRECTION('',(-0.686348585024613,0.,-0.727272727272728));
#3839=DIRECTION('center_axis',(-0.727272727272728,0.,-0.686348585024613));
#3840=DIRECTION('ref_axis',(0.686348585024613,0.,-0.727272727272728));
#3841=DIRECTION('',(-0.686348585024613,0.,0.727272727272728));
#3842=DIRECTION('',(0.,-1.,0.));
#3843=DIRECTION('',(0.,1.,0.));
#3844=DIRECTION('center_axis',(0.,-1.,0.));
#3845=DIRECTION('ref_axis',(1.02947953192515E-14,0.,1.));
#3846=DIRECTION('center_axis',(0.,1.,0.));
#3847=DIRECTION('ref_axis',(-0.6863485850246,0.,-0.72727272727274));
#3848=DIRECTION('',(0.,-1.,0.));
#3849=DIRECTION('center_axis',(0.727272727272729,0.,-0.686348585024612));
#3850=DIRECTION('ref_axis',(0.686348585024612,0.,0.727272727272729));
#3851=DIRECTION('',(-0.686348585024612,0.,-0.727272727272729));
#3852=DIRECTION('center_axis',(-1.,0.,0.));
#3853=DIRECTION('ref_axis',(0.,0.,1.));
#3854=DIRECTION('',(0.,-1.,0.));
#3855=DIRECTION('',(0.,0.,-1.));
#3856=DIRECTION('',(0.,0.,1.));
#3857=DIRECTION('center_axis',(1.,0.,0.));
#3858=DIRECTION('ref_axis',(0.,0.,-1.));
#3859=DIRECTION('',(0.,1.,0.));
#3860=DIRECTION('',(0.,0.,-1.));
#3861=DIRECTION('',(0.,-1.,0.));
#3862=DIRECTION('',(0.,-0.99026806874157,-0.139173100960065));
#3863=DIRECTION('',(0.,0.,-1.));
#3864=DIRECTION('',(0.,0.,1.));
#3865=DIRECTION('center_axis',(0.,0.,-1.));
#3866=DIRECTION('ref_axis',(-1.,0.,0.));
#3867=DIRECTION('',(-1.,0.,0.));
#3868=DIRECTION('',(0.,1.,0.));
#3869=DIRECTION('',(1.,0.,0.));
#3870=DIRECTION('',(-1.,0.,0.));
#3871=DIRECTION('',(-1.,0.,0.));
#3872=DIRECTION('',(0.,-1.,0.));
#3873=DIRECTION('center_axis',(0.,1.,0.));
#3874=DIRECTION('ref_axis',(0.,0.,1.));
#3875=DIRECTION('center_axis',(0.,0.,1.));
#3876=DIRECTION('ref_axis',(1.,0.,0.));
#3877=DIRECTION('center_axis',(0.,0.,1.));
#3878=DIRECTION('ref_axis',(1.,0.,0.));
#3879=DIRECTION('',(0.,0.,1.));
#3880=DIRECTION('center_axis',(0.,0.707106781186548,-0.707106781186548));
#3881=DIRECTION('ref_axis',(0.,0.707106781186548,0.707106781186548));
#3882=DIRECTION('center_axis',(0.,0.,1.));
#3883=DIRECTION('ref_axis',(1.,0.,0.));
#3884=DIRECTION('center_axis',(0.,0.,1.));
#3885=DIRECTION('ref_axis',(1.,0.,0.));
#3886=DIRECTION('',(0.,0.,1.));
#3887=DIRECTION('center_axis',(0.,-0.707106781186548,-0.707106781186548));
#3888=DIRECTION('ref_axis',(0.,0.707106781186548,-0.707106781186548));
#3889=DIRECTION('center_axis',(0.,0.,1.));
#3890=DIRECTION('ref_axis',(1.,0.,0.));
#3891=DIRECTION('center_axis',(0.,0.,1.));
#3892=DIRECTION('ref_axis',(1.,0.,0.));
#3893=DIRECTION('',(0.,0.,1.));
#3894=DIRECTION('center_axis',(0.,0.707106781186548,-0.707106781186548));
#3895=DIRECTION('ref_axis',(0.,0.707106781186548,0.707106781186548));
#3896=DIRECTION('center_axis',(0.,0.,1.));
#3897=DIRECTION('ref_axis',(1.,0.,0.));
#3898=DIRECTION('center_axis',(0.,0.,1.));
#3899=DIRECTION('ref_axis',(1.,0.,0.));
#3900=DIRECTION('',(0.,0.,1.));
#3901=DIRECTION('center_axis',(0.,-0.707106781186548,-0.707106781186548));
#3902=DIRECTION('ref_axis',(0.,0.707106781186548,-0.707106781186548));
#3903=DIRECTION('center_axis',(0.,0.707106781186548,0.707106781186548));
#3904=DIRECTION('ref_axis',(1.,0.,0.));
#3905=DIRECTION('',(0.,0.707106781186548,-0.707106781186548));
#3906=DIRECTION('',(-1.,0.,0.));
#3907=DIRECTION('',(0.,-0.707106781186548,0.707106781186548));
#3908=DIRECTION('',(1.,0.,0.));
#3909=DIRECTION('center_axis',(0.,0.707106781186548,0.707106781186548));
#3910=DIRECTION('ref_axis',(1.,0.,0.));
#3911=DIRECTION('',(0.,0.707106781186548,-0.707106781186548));
#3912=DIRECTION('',(-1.,0.,0.));
#3913=DIRECTION('',(0.,-0.707106781186548,0.707106781186548));
#3914=DIRECTION('',(1.,0.,0.));
#3915=DIRECTION('center_axis',(0.,-0.707106781186548,0.707106781186548));
#3916=DIRECTION('ref_axis',(1.,0.,0.));
#3917=DIRECTION('',(0.,-0.707106781186548,-0.707106781186548));
#3918=DIRECTION('',(1.,0.,0.));
#3919=DIRECTION('',(0.,0.707106781186548,0.707106781186548));
#3920=DIRECTION('',(-1.,0.,0.));
#3921=DIRECTION('center_axis',(0.,-0.707106781186548,0.707106781186548));
#3922=DIRECTION('ref_axis',(1.,0.,0.));
#3923=DIRECTION('',(0.,-0.707106781186548,-0.707106781186548));
#3924=DIRECTION('',(1.,0.,0.));
#3925=DIRECTION('',(0.,0.707106781186548,0.707106781186548));
#3926=DIRECTION('',(-1.,0.,0.));
#3927=DIRECTION('center_axis',(1.,0.,0.));
#3928=DIRECTION('ref_axis',(0.,1.,0.));
#3929=DIRECTION('',(0.,1.,0.));
#3930=DIRECTION('',(0.,0.,1.));
#3931=DIRECTION('',(0.,0.,1.));
#3932=DIRECTION('center_axis',(-1.,0.,0.));
#3933=DIRECTION('ref_axis',(0.,-1.,0.));
#3934=DIRECTION('',(0.,-1.,0.));
#3935=DIRECTION('',(0.,0.,-1.));
#3936=DIRECTION('',(0.,0.,1.));
#3937=DIRECTION('center_axis',(0.,1.,0.));
#3938=DIRECTION('ref_axis',(-1.,0.,0.));
#3939=DIRECTION('',(-1.,0.,0.));
#3940=DIRECTION('center_axis',(-1.,0.,0.));
#3941=DIRECTION('ref_axis',(0.,-1.,0.));
#3942=DIRECTION('',(0.,-1.,0.));
#3943=DIRECTION('',(0.,0.,1.));
#3944=DIRECTION('',(0.,0.,1.));
#3945=DIRECTION('center_axis',(1.,0.,0.));
#3946=DIRECTION('ref_axis',(0.,1.,0.));
#3947=DIRECTION('',(0.,1.,0.));
#3948=DIRECTION('',(0.,0.,-1.));
#3949=DIRECTION('',(0.,0.,1.));
#3950=DIRECTION('center_axis',(0.,-1.,0.));
#3951=DIRECTION('ref_axis',(1.,0.,0.));
#3952=DIRECTION('',(1.,0.,0.));
#3953=DIRECTION('center_axis',(1.,0.,0.));
#3954=DIRECTION('ref_axis',(0.,1.,0.));
#3955=DIRECTION('',(0.,-1.,0.));
#3956=DIRECTION('',(0.,0.,1.));
#3957=DIRECTION('',(0.,0.,1.));
#3958=DIRECTION('center_axis',(-1.,0.,0.));
#3959=DIRECTION('ref_axis',(0.,-1.,0.));
#3960=DIRECTION('',(0.,1.,0.));
#3961=DIRECTION('',(0.,0.,-1.));
#3962=DIRECTION('',(0.,0.,1.));
#3963=DIRECTION('center_axis',(0.,1.,0.));
#3964=DIRECTION('ref_axis',(-1.,0.,0.));
#3965=DIRECTION('',(1.,0.,0.));
#3966=DIRECTION('center_axis',(1.,0.,0.));
#3967=DIRECTION('ref_axis',(0.,1.,0.));
#3968=DIRECTION('',(0.,-1.,0.));
#3969=DIRECTION('',(0.,0.,-1.));
#3970=DIRECTION('',(0.,0.,1.));
#3971=DIRECTION('center_axis',(0.,-1.,0.));
#3972=DIRECTION('ref_axis',(1.,0.,0.));
#3973=DIRECTION('',(-1.,0.,0.));
#3974=DIRECTION('',(0.,0.,1.));
#3975=DIRECTION('center_axis',(-1.,0.,0.));
#3976=DIRECTION('ref_axis',(0.,-1.,0.));
#3977=DIRECTION('',(0.,1.,0.));
#3978=DIRECTION('',(0.,0.,1.));
#3979=DIRECTION('center_axis',(0.,-1.,0.));
#3980=DIRECTION('ref_axis',(-1.,0.,0.));
#3981=DIRECTION('',(-1.,0.,0.));
#3982=DIRECTION('',(-1.,0.,0.));
#3983=DIRECTION('',(0.,0.,-1.));
#3984=DIRECTION('',(1.,0.,0.));
#3985=DIRECTION('',(0.,0.,-1.));
#3986=DIRECTION('',(-1.,0.,0.));
#3987=DIRECTION('center_axis',(0.,0.,-1.));
#3988=DIRECTION('ref_axis',(-1.,0.,0.));
#3989=DIRECTION('',(0.,-1.,0.));
#3990=DIRECTION('',(1.,0.,0.));
#3991=DIRECTION('',(1.,0.,0.));
#3992=DIRECTION('',(1.,0.,0.));
#3993=DIRECTION('',(0.,1.,0.));
#3994=DIRECTION('center_axis',(0.,-0.707106781186547,-0.707106781186548));
#3995=DIRECTION('ref_axis',(-1.,0.,0.));
#3996=DIRECTION('',(-0.577350269189623,0.577350269189627,-0.577350269189627));
#3997=DIRECTION('',(1.,0.,0.));
#3998=DIRECTION('',(-0.577350269189623,-0.577350269189627,0.577350269189627));
#3999=DIRECTION('center_axis',(0.,0.707106781186547,-0.707106781186548));
#4000=DIRECTION('ref_axis',(-1.,0.,0.));
#4001=DIRECTION('',(1.,0.,0.));
#4002=DIRECTION('',(0.,-0.707106781186548,-0.707106781186547));
#4003=DIRECTION('',(-1.,0.,0.));
#4004=DIRECTION('',(0.577350269189623,0.577350269189627,0.577350269189627));
#4005=DIRECTION('center_axis',(0.70710678118655,0.,-0.707106781186545));
#4006=DIRECTION('ref_axis',(-0.707106781186545,0.,-0.70710678118655));
#4007=DIRECTION('',(0.,1.,0.));
#4008=DIRECTION('center_axis',(-0.70710678118655,0.,-0.707106781186545));
#4009=DIRECTION('ref_axis',(-0.707106781186545,0.,0.70710678118655));
#4010=DIRECTION('',(0.,-1.,0.));
#4011=DIRECTION('',(0.707106781186545,0.,-0.70710678118655));
#4012=DIRECTION('center_axis',(0.,1.,0.));
#4013=DIRECTION('ref_axis',(-1.,0.,0.));
#4014=DIRECTION('',(1.,0.,0.));
#4015=DIRECTION('',(0.,0.,-1.));
#4016=DIRECTION('center_axis',(0.,0.,1.));
#4017=DIRECTION('ref_axis',(1.,0.,0.));
#4018=DIRECTION('',(1.,0.,0.));
#4019=DIRECTION('',(0.,1.,0.));
#4020=DIRECTION('',(1.,0.,0.));
#4021=DIRECTION('',(0.,1.,0.));
#4022=DIRECTION('',(1.,0.,0.));
#4023=DIRECTION('',(0.,1.,0.));
#4024=DIRECTION('',(1.,0.,0.));
#4025=DIRECTION('',(0.,1.,0.));
#4026=DIRECTION('',(0.,-1.,0.));
#4027=DIRECTION('',(-1.,0.,0.));
#4028=DIRECTION('',(0.,1.,0.));
#4029=DIRECTION('',(-1.,0.,0.));
#4030=DIRECTION('',(0.,-1.,0.));
#4031=DIRECTION('',(-1.,0.,0.));
#4032=DIRECTION('',(0.,1.,0.));
#4033=DIRECTION('',(-1.,0.,0.));
#4034=DIRECTION('',(0.,-1.,0.));
#4035=DIRECTION('',(-1.,0.,0.));
#4036=DIRECTION('',(0.,1.,0.));
#4037=DIRECTION('',(0.,-1.,0.));
#4038=DIRECTION('',(1.,0.,0.));
#4039=DIRECTION('center_axis',(1.,0.,0.));
#4040=DIRECTION('ref_axis',(0.,0.707106781186547,0.707106781186547));
#4041=DIRECTION('',(-1.,0.,0.));
#4042=DIRECTION('center_axis',(1.,0.,0.));
#4043=DIRECTION('ref_axis',(0.,0.707106781186547,0.707106781186547));
#4044=DIRECTION('center_axis',(1.,0.,0.));
#4045=DIRECTION('ref_axis',(0.,0.707106781186547,0.707106781186547));
#4046=DIRECTION('center_axis',(0.,-1.,0.));
#4047=DIRECTION('ref_axis',(-1.,0.,0.));
#4048=DIRECTION('',(0.,0.,1.));
#4049=DIRECTION('',(1.,0.,0.));
#4050=DIRECTION('',(0.,0.,1.));
#4051=DIRECTION('center_axis',(-1.,0.,0.));
#4052=DIRECTION('ref_axis',(0.,-0.707106781186547,0.707106781186547));
#4053=DIRECTION('center_axis',(1.,0.,0.));
#4054=DIRECTION('ref_axis',(0.,-0.707106781186547,0.707106781186547));
#4055=DIRECTION('',(-1.,0.,0.));
#4056=DIRECTION('center_axis',(1.,0.,0.));
#4057=DIRECTION('ref_axis',(0.,-0.707106781186547,0.707106781186547));
#4058=DIRECTION('center_axis',(0.,1.,0.));
#4059=DIRECTION('ref_axis',(1.,0.,0.));
#4060=DIRECTION('',(0.,0.,-1.));
#4061=DIRECTION('',(-1.,0.,0.));
#4062=DIRECTION('',(0.,0.,-1.));
#4063=DIRECTION('center_axis',(-1.,0.,0.));
#4064=DIRECTION('ref_axis',(0.,-0.707106781186547,0.707106781186547));
#4065=DIRECTION('center_axis',(1.,0.,0.));
#4066=DIRECTION('ref_axis',(0.,-0.707106781186547,0.707106781186547));
#4067=DIRECTION('',(-1.,0.,0.));
#4068=DIRECTION('center_axis',(1.,0.,0.));
#4069=DIRECTION('ref_axis',(0.,-0.707106781186547,0.707106781186547));
#4070=DIRECTION('center_axis',(0.,1.,0.));
#4071=DIRECTION('ref_axis',(1.,0.,0.));
#4072=DIRECTION('',(0.,0.,-1.));
#4073=DIRECTION('',(-1.,0.,0.));
#4074=DIRECTION('',(0.,0.,-1.));
#4075=DIRECTION('center_axis',(1.,0.,0.));
#4076=DIRECTION('ref_axis',(0.,0.707106781186547,0.707106781186547));
#4077=DIRECTION('',(-1.,0.,0.));
#4078=DIRECTION('center_axis',(1.,0.,0.));
#4079=DIRECTION('ref_axis',(0.,0.707106781186547,0.707106781186547));
#4080=DIRECTION('center_axis',(1.,0.,0.));
#4081=DIRECTION('ref_axis',(0.,0.707106781186547,0.707106781186547));
#4082=DIRECTION('center_axis',(0.,-1.,0.));
#4083=DIRECTION('ref_axis',(-1.,0.,0.));
#4084=DIRECTION('',(0.,0.,1.));
#4085=DIRECTION('',(-1.,0.,0.));
#4086=DIRECTION('',(0.,0.,1.));
#4087=DIRECTION('center_axis',(-1.,0.,0.));
#4088=DIRECTION('ref_axis',(0.,-0.707106781186547,0.707106781186547));
#4089=DIRECTION('',(1.,0.,0.));
#4090=DIRECTION('center_axis',(-1.,0.,0.));
#4091=DIRECTION('ref_axis',(0.,-0.707106781186547,0.707106781186547));
#4092=DIRECTION('center_axis',(-1.,0.,0.));
#4093=DIRECTION('ref_axis',(0.,-0.707106781186547,0.707106781186547));
#4094=DIRECTION('center_axis',(0.,1.,0.));
#4095=DIRECTION('ref_axis',(1.,0.,0.));
#4096=DIRECTION('',(0.,0.,1.));
#4097=DIRECTION('',(-1.,0.,0.));
#4098=DIRECTION('',(0.,0.,1.));
#4099=DIRECTION('center_axis',(1.,0.,0.));
#4100=DIRECTION('ref_axis',(0.,0.707106781186547,0.707106781186547));
#4101=DIRECTION('center_axis',(-1.,0.,0.));
#4102=DIRECTION('ref_axis',(0.,0.707106781186547,0.707106781186547));
#4103=DIRECTION('',(1.,0.,0.));
#4104=DIRECTION('center_axis',(-1.,0.,0.));
#4105=DIRECTION('ref_axis',(0.,0.707106781186547,0.707106781186547));
#4106=DIRECTION('center_axis',(0.,-1.,0.));
#4107=DIRECTION('ref_axis',(-1.,0.,0.));
#4108=DIRECTION('',(0.,0.,-1.));
#4109=DIRECTION('',(1.,0.,0.));
#4110=DIRECTION('',(0.,0.,-1.));
#4111=DIRECTION('center_axis',(-1.,0.,0.));
#4112=DIRECTION('ref_axis',(0.,-0.707106781186547,0.707106781186547));
#4113=DIRECTION('',(1.,0.,0.));
#4114=DIRECTION('center_axis',(-1.,0.,0.));
#4115=DIRECTION('ref_axis',(0.,-0.707106781186547,0.707106781186547));
#4116=DIRECTION('center_axis',(-1.,0.,0.));
#4117=DIRECTION('ref_axis',(0.,-0.707106781186547,0.707106781186547));
#4118=DIRECTION('center_axis',(0.,1.,0.));
#4119=DIRECTION('ref_axis',(1.,0.,0.));
#4120=DIRECTION('',(0.,0.,1.));
#4121=DIRECTION('',(1.,0.,0.));
#4122=DIRECTION('',(0.,0.,1.));
#4123=DIRECTION('center_axis',(1.,0.,0.));
#4124=DIRECTION('ref_axis',(0.,0.707106781186547,0.707106781186547));
#4125=DIRECTION('center_axis',(-1.,0.,0.));
#4126=DIRECTION('ref_axis',(0.,0.707106781186547,0.707106781186547));
#4127=DIRECTION('',(1.,0.,0.));
#4128=DIRECTION('center_axis',(-1.,0.,0.));
#4129=DIRECTION('ref_axis',(0.,0.707106781186547,0.707106781186547));
#4130=DIRECTION('center_axis',(0.,-1.,0.));
#4131=DIRECTION('ref_axis',(-1.,0.,0.));
#4132=DIRECTION('',(0.,0.,-1.));
#4133=DIRECTION('',(1.,0.,0.));
#4134=DIRECTION('',(0.,0.,-1.));
#4135=DIRECTION('center_axis',(0.,0.139173100960065,-0.99026806874157));
#4136=DIRECTION('ref_axis',(-1.,0.,0.));
#4137=DIRECTION('',(0.,-0.99026806874157,-0.139173100960065));
#4138=DIRECTION('',(-1.,0.,0.));
#4139=DIRECTION('center_axis',(-1.,0.,0.));
#4140=DIRECTION('ref_axis',(0.,-1.,0.));
#4141=DIRECTION('',(0.,-1.,0.));
#4142=DIRECTION('',(0.,0.,1.));
#4143=DIRECTION('center_axis',(0.,-1.,0.));
#4144=DIRECTION('ref_axis',(1.,0.,0.));
#4145=DIRECTION('',(1.,0.,0.));
#4146=DIRECTION('center_axis',(0.,0.,1.));
#4147=DIRECTION('ref_axis',(1.,0.,0.));
#4148=DIRECTION('center_axis',(-1.,0.,0.));
#4149=DIRECTION('ref_axis',(0.,0.,1.));
#4150=DIRECTION('',(0.,1.,0.));
#4151=DIRECTION('center_axis',(0.,0.,-1.));
#4152=DIRECTION('ref_axis',(-1.,0.,0.));
#4153=DIRECTION('',(0.,1.,0.));
#4154=DIRECTION('center_axis',(0.,0.,-1.));
#4155=DIRECTION('ref_axis',(1.,0.,0.));
#4156=DIRECTION('center_axis',(-1.,0.,0.));
#4157=DIRECTION('ref_axis',(0.,0.,1.));
#4158=DIRECTION('',(0.,1.,0.));
#4159=DIRECTION('center_axis',(0.,0.,-1.));
#4160=DIRECTION('ref_axis',(-1.,0.,0.));
#4161=DIRECTION('',(0.,1.,0.));
#4162=DIRECTION('center_axis',(0.,0.,-1.));
#4163=DIRECTION('ref_axis',(1.,0.,0.));
#4164=DIRECTION('center_axis',(-1.,0.,0.));
#4165=DIRECTION('ref_axis',(0.,0.,1.));
#4166=DIRECTION('',(0.,-1.,0.));
#4167=DIRECTION('center_axis',(0.,0.,-1.));
#4168=DIRECTION('ref_axis',(-1.,0.,0.));
#4169=DIRECTION('',(0.,-1.,0.));
#4170=DIRECTION('center_axis',(0.,0.,-1.));
#4171=DIRECTION('ref_axis',(-1.,0.,0.));
#4172=DIRECTION('center_axis',(-1.,0.,0.));
#4173=DIRECTION('ref_axis',(0.,0.,1.));
#4174=DIRECTION('',(0.,-1.,0.));
#4175=DIRECTION('center_axis',(-0.707106781186547,0.,0.707106781186548));
#4176=DIRECTION('ref_axis',(0.707106781186548,0.,0.707106781186547));
#4177=DIRECTION('',(-0.707106781186548,0.,-0.707106781186547));
#4178=DIRECTION('',(0.,1.,0.));
#4179=DIRECTION('',(0.707106781186548,0.,0.707106781186547));
#4180=DIRECTION('',(0.,1.,0.));
#4181=DIRECTION('center_axis',(0.707106781186547,0.,0.707106781186548));
#4182=DIRECTION('ref_axis',(0.707106781186548,0.,-0.707106781186547));
#4183=DIRECTION('',(0.707106781186548,0.,-0.707106781186547));
#4184=DIRECTION('',(0.,1.,0.));
#4185=DIRECTION('',(-0.707106781186548,0.,0.707106781186547));
#4186=DIRECTION('',(0.,-1.,0.));
#4187=DIRECTION('center_axis',(0.707106781186547,0.,0.707106781186548));
#4188=DIRECTION('ref_axis',(0.707106781186548,0.,-0.707106781186547));
#4189=DIRECTION('',(0.707106781186548,0.,-0.707106781186547));
#4190=DIRECTION('',(0.,1.,0.));
#4191=DIRECTION('',(-0.707106781186548,0.,0.707106781186547));
#4192=DIRECTION('',(0.,-1.,0.));
#4193=DIRECTION('center_axis',(-0.707106781186547,0.,0.707106781186548));
#4194=DIRECTION('ref_axis',(0.707106781186548,0.,0.707106781186547));
#4195=DIRECTION('',(-0.707106781186548,0.,-0.707106781186547));
#4196=DIRECTION('',(0.,1.,0.));
#4197=DIRECTION('',(0.707106781186548,0.,0.707106781186547));
#4198=DIRECTION('',(0.,1.,0.));
#4199=DIRECTION('center_axis',(1.,0.,0.));
#4200=DIRECTION('ref_axis',(0.,-1.,0.));
#4201=DIRECTION('center_axis',(-1.,0.,0.));
#4202=DIRECTION('ref_axis',(0.,-1.,0.));
#4203=DIRECTION('',(-1.,0.,0.));
#4204=DIRECTION('center_axis',(1.,0.,0.));
#4205=DIRECTION('ref_axis',(0.,-1.,0.));
#4206=DIRECTION('center_axis',(-1.,0.,0.));
#4207=DIRECTION('ref_axis',(0.,-1.,0.));
#4208=DIRECTION('',(-1.,0.,0.));
#4209=DIRECTION('center_axis',(1.,0.,0.));
#4210=DIRECTION('ref_axis',(0.,-1.,0.));
#4211=DIRECTION('center_axis',(-1.,0.,0.));
#4212=DIRECTION('ref_axis',(0.,-1.,0.));
#4213=DIRECTION('',(-1.,0.,0.));
#4214=DIRECTION('center_axis',(1.,0.,0.));
#4215=DIRECTION('ref_axis',(0.,-1.,0.));
#4216=DIRECTION('center_axis',(-1.,0.,0.));
#4217=DIRECTION('ref_axis',(0.,-1.,0.));
#4218=DIRECTION('',(-1.,0.,0.));
#4219=DIRECTION('center_axis',(0.,-1.,0.));
#4220=DIRECTION('ref_axis',(0.,0.,-1.));
#4221=DIRECTION('',(0.,0.,1.));
#4222=DIRECTION('',(1.,0.,0.));
#4223=DIRECTION('',(0.,0.,-1.));
#4224=DIRECTION('',(-1.,0.,0.));
#4225=DIRECTION('center_axis',(0.,0.,1.));
#4226=DIRECTION('ref_axis',(0.,1.,0.));
#4227=DIRECTION('',(0.,1.,0.));
#4228=DIRECTION('',(-1.,0.,0.));
#4229=DIRECTION('',(0.,-1.,0.));
#4230=DIRECTION('center_axis',(-1.,0.,0.));
#4231=DIRECTION('ref_axis',(0.,-1.,0.));
#4232=DIRECTION('',(0.,-1.,0.));
#4233=DIRECTION('',(0.,0.,1.));
#4234=DIRECTION('center_axis',(1.,0.,0.));
#4235=DIRECTION('ref_axis',(0.,-1.,0.));
#4236=DIRECTION('center_axis',(0.,0.,-1.));
#4237=DIRECTION('ref_axis',(0.,-1.,0.));
#4238=DIRECTION('',(0.,1.,0.));
#4239=DIRECTION('',(-1.,0.,0.));
#4240=DIRECTION('center_axis',(0.,1.,0.));
#4241=DIRECTION('ref_axis',(0.,0.,1.));
#4242=DIRECTION('',(0.,0.,-1.));
#4243=DIRECTION('',(1.,0.,0.));
#4244=DIRECTION('',(0.,0.,1.));
#4245=DIRECTION('',(-1.,0.,0.));
#4246=DIRECTION('center_axis',(0.,1.,0.));
#4247=DIRECTION('ref_axis',(0.,0.,1.));
#4248=DIRECTION('',(0.,0.,1.));
#4249=DIRECTION('',(-1.,0.,0.));
#4250=DIRECTION('',(0.,0.,-1.));
#4251=DIRECTION('',(1.,0.,0.));
#4252=DIRECTION('center_axis',(0.,0.,-1.));
#4253=DIRECTION('ref_axis',(0.,1.,0.));
#4254=DIRECTION('',(0.,1.,0.));
#4255=DIRECTION('',(1.,0.,0.));
#4256=DIRECTION('',(0.,1.,0.));
#4257=DIRECTION('center_axis',(-1.,0.,0.));
#4258=DIRECTION('ref_axis',(0.,-1.,0.));
#4259=DIRECTION('',(0.,-1.,0.));
#4260=DIRECTION('',(0.,0.,-1.));
#4261=DIRECTION('center_axis',(1.,0.,0.));
#4262=DIRECTION('ref_axis',(0.,-1.,0.));
#4263=DIRECTION('center_axis',(0.,-1.,0.));
#4264=DIRECTION('ref_axis',(0.,0.,-1.));
#4265=DIRECTION('',(0.,0.,-1.));
#4266=DIRECTION('',(-1.,0.,0.));
#4267=DIRECTION('',(0.,0.,1.));
#4268=DIRECTION('',(1.,0.,0.));
#4269=DIRECTION('center_axis',(0.,0.,1.));
#4270=DIRECTION('ref_axis',(0.,-1.,0.));
#4271=DIRECTION('',(0.,-1.,0.));
#4272=DIRECTION('',(1.,0.,0.));
#4273=DIRECTION('',(0.,-1.,0.));
#4274=DIRECTION('center_axis',(-1.,0.,0.));
#4275=DIRECTION('ref_axis',(0.,-1.,0.));
#4276=DIRECTION('center_axis',(1.,0.,0.));
#4277=DIRECTION('ref_axis',(0.,-1.,0.));
#4278=DIRECTION('',(-1.,0.,0.));
#4279=DIRECTION('center_axis',(1.,0.,0.));
#4280=DIRECTION('ref_axis',(0.,-1.,0.));
#4281=DIRECTION('center_axis',(0.,1.,0.));
#4282=DIRECTION('ref_axis',(0.,0.,1.));
#4283=DIRECTION('',(0.,0.,1.));
#4284=DIRECTION('',(0.,0.,1.));
#4285=DIRECTION('',(1.,0.,0.));
#4286=DIRECTION('center_axis',(0.,0.,-1.));
#4287=DIRECTION('ref_axis',(0.,1.,0.));
#4288=DIRECTION('',(0.,1.,0.));
#4289=DIRECTION('',(0.,1.,0.));
#4290=DIRECTION('center_axis',(-1.,0.,0.));
#4291=DIRECTION('ref_axis',(0.,-1.,0.));
#4292=DIRECTION('center_axis',(-1.,0.,0.));
#4293=DIRECTION('ref_axis',(0.,-1.,0.));
#4294=DIRECTION('',(-1.,0.,0.));
#4295=DIRECTION('center_axis',(1.,0.,0.));
#4296=DIRECTION('ref_axis',(0.,-1.,0.));
#4297=DIRECTION('center_axis',(0.,0.,1.));
#4298=DIRECTION('ref_axis',(0.,-1.,0.));
#4299=DIRECTION('',(0.,-1.,0.));
#4300=DIRECTION('',(1.,0.,0.));
#4301=DIRECTION('center_axis',(0.,-1.,0.));
#4302=DIRECTION('ref_axis',(0.,0.,-1.));
#4303=DIRECTION('',(0.,0.,-1.));
#4304=DIRECTION('center_axis',(-1.,0.,0.));
#4305=DIRECTION('ref_axis',(0.,-1.,0.));
#4306=DIRECTION('center_axis',(1.,0.,0.));
#4307=DIRECTION('ref_axis',(0.,-1.,0.));
#4308=DIRECTION('',(-1.,0.,0.));
#4309=DIRECTION('center_axis',(1.,0.,0.));
#4310=DIRECTION('ref_axis',(0.,-1.,0.));
#4311=DIRECTION('center_axis',(0.,1.,0.));
#4312=DIRECTION('ref_axis',(0.,0.,1.));
#4313=DIRECTION('',(0.,0.,1.));
#4314=DIRECTION('',(1.,0.,0.));
#4315=DIRECTION('',(0.,0.,1.));
#4316=DIRECTION('center_axis',(0.,0.,1.));
#4317=DIRECTION('ref_axis',(0.,-1.,0.));
#4318=DIRECTION('',(0.,-1.,0.));
#4319=DIRECTION('',(1.,0.,0.));
#4320=DIRECTION('',(0.,-1.,0.));
#4321=DIRECTION('center_axis',(0.,-1.,0.));
#4322=DIRECTION('ref_axis',(0.,0.,-1.));
#4323=DIRECTION('',(0.,0.,-1.));
#4324=DIRECTION('',(0.,0.,-1.));
#4325=DIRECTION('center_axis',(-1.,0.,0.));
#4326=DIRECTION('ref_axis',(0.,-1.,0.));
#4327=DIRECTION('center_axis',(-1.,0.,0.));
#4328=DIRECTION('ref_axis',(0.,-1.,0.));
#4329=DIRECTION('center_axis',(1.,0.,0.));
#4330=DIRECTION('ref_axis',(0.,-1.,0.));
#4331=DIRECTION('',(-1.,0.,0.));
#4332=DIRECTION('center_axis',(1.,0.,0.));
#4333=DIRECTION('ref_axis',(0.,-1.,0.));
#4334=DIRECTION('center_axis',(0.,1.,0.));
#4335=DIRECTION('ref_axis',(0.,0.,1.));
#4336=DIRECTION('',(0.,0.,1.));
#4337=DIRECTION('',(1.,0.,0.));
#4338=DIRECTION('',(0.,0.,1.));
#4339=DIRECTION('center_axis',(0.,0.,1.));
#4340=DIRECTION('ref_axis',(0.,-1.,0.));
#4341=DIRECTION('',(0.,-1.,0.));
#4342=DIRECTION('',(1.,0.,0.));
#4343=DIRECTION('',(0.,-1.,0.));
#4344=DIRECTION('center_axis',(0.,-1.,0.));
#4345=DIRECTION('ref_axis',(0.,0.,-1.));
#4346=DIRECTION('',(0.,0.,-1.));
#4347=DIRECTION('',(0.,0.,-1.));
#4348=DIRECTION('center_axis',(-1.,0.,0.));
#4349=DIRECTION('ref_axis',(0.,-1.,0.));
#4350=DIRECTION('center_axis',(1.,0.,0.));
#4351=DIRECTION('ref_axis',(0.,-1.,0.));
#4352=DIRECTION('center_axis',(1.,0.,0.));
#4353=DIRECTION('ref_axis',(0.,-1.,0.));
#4354=DIRECTION('center_axis',(1.,0.,0.));
#4355=DIRECTION('ref_axis',(0.,-1.,0.));
#4356=DIRECTION('center_axis',(1.,0.,0.));
#4357=DIRECTION('ref_axis',(0.,-1.,0.));
#4358=DIRECTION('center_axis',(-1.,0.,0.));
#4359=DIRECTION('ref_axis',(0.,-1.,0.));
#4360=DIRECTION('',(1.,0.,0.));
#4361=DIRECTION('center_axis',(-1.,0.,0.));
#4362=DIRECTION('ref_axis',(0.,-1.,0.));
#4363=DIRECTION('center_axis',(0.,-1.,0.));
#4364=DIRECTION('ref_axis',(0.,0.,1.));
#4365=DIRECTION('',(0.,0.,-1.));
#4366=DIRECTION('center_axis',(-1.,0.,0.));
#4367=DIRECTION('ref_axis',(0.,1.,0.));
#4368=DIRECTION('',(0.,0.,-1.));
#4369=DIRECTION('',(0.,0.,-1.));
#4370=DIRECTION('',(0.,1.,0.));
#4371=DIRECTION('',(0.,0.,1.));
#4372=DIRECTION('',(0.,0.,-1.));
#4373=DIRECTION('',(0.,1.,0.));
#4374=DIRECTION('',(0.,0.,1.));
#4375=DIRECTION('',(0.,1.,0.));
#4376=DIRECTION('',(0.,0.,1.));
#4377=DIRECTION('',(0.,-1.,0.));
#4378=DIRECTION('center_axis',(-1.,0.,0.));
#4379=DIRECTION('ref_axis',(0.,-1.,0.));
#4380=DIRECTION('center_axis',(1.,0.,0.));
#4381=DIRECTION('ref_axis',(0.,-1.,0.));
#4382=DIRECTION('',(1.,0.,0.));
#4383=DIRECTION('center_axis',(-1.,0.,0.));
#4384=DIRECTION('ref_axis',(0.,-1.,0.));
#4385=DIRECTION('center_axis',(0.,-1.,0.));
#4386=DIRECTION('ref_axis',(0.,0.,1.));
#4387=DIRECTION('',(0.,0.,1.));
#4388=DIRECTION('',(-1.,0.,0.));
#4389=DIRECTION('center_axis',(0.,0.,-1.));
#4390=DIRECTION('ref_axis',(0.,-1.,0.));
#4391=DIRECTION('',(0.,-1.,0.));
#4392=DIRECTION('',(-1.,0.,0.));
#4393=DIRECTION('center_axis',(0.,1.,0.));
#4394=DIRECTION('ref_axis',(0.,0.,-1.));
#4395=DIRECTION('',(0.,0.,-1.));
#4396=DIRECTION('center_axis',(-1.,0.,0.));
#4397=DIRECTION('ref_axis',(0.,-1.,0.));
#4398=DIRECTION('center_axis',(-1.,0.,0.));
#4399=DIRECTION('ref_axis',(0.,1.,0.));
#4400=DIRECTION('center_axis',(1.,0.,0.));
#4401=DIRECTION('ref_axis',(0.,-1.,0.));
#4402=DIRECTION('center_axis',(-1.,0.,0.));
#4403=DIRECTION('ref_axis',(0.,-1.,0.));
#4404=DIRECTION('center_axis',(1.,0.,0.));
#4405=DIRECTION('ref_axis',(0.,-1.,0.));
#4406=DIRECTION('',(1.,0.,0.));
#4407=DIRECTION('center_axis',(-1.,0.,0.));
#4408=DIRECTION('ref_axis',(0.,-1.,0.));
#4409=DIRECTION('center_axis',(0.,-1.,0.));
#4410=DIRECTION('ref_axis',(0.,0.,1.));
#4411=DIRECTION('',(0.,0.,1.));
#4412=DIRECTION('',(-1.,0.,0.));
#4413=DIRECTION('center_axis',(0.,0.,-1.));
#4414=DIRECTION('ref_axis',(0.,-1.,0.));
#4415=DIRECTION('',(0.,-1.,0.));
#4416=DIRECTION('',(-1.,0.,0.));
#4417=DIRECTION('center_axis',(0.,1.,0.));
#4418=DIRECTION('ref_axis',(0.,0.,-1.));
#4419=DIRECTION('',(0.,0.,-1.));
#4420=DIRECTION('center_axis',(-1.,0.,0.));
#4421=DIRECTION('ref_axis',(0.,-1.,0.));
#4422=DIRECTION('center_axis',(-1.,0.,0.));
#4423=DIRECTION('ref_axis',(0.,1.,0.));
#4424=DIRECTION('center_axis',(1.,0.,0.));
#4425=DIRECTION('ref_axis',(0.,-1.,0.));
#4426=DIRECTION('center_axis',(-1.,0.,0.));
#4427=DIRECTION('ref_axis',(0.,-1.,0.));
#4428=DIRECTION('center_axis',(1.,0.,0.));
#4429=DIRECTION('ref_axis',(0.,-1.,0.));
#4430=DIRECTION('',(1.,0.,0.));
#4431=DIRECTION('center_axis',(-1.,0.,0.));
#4432=DIRECTION('ref_axis',(0.,-1.,0.));
#4433=DIRECTION('center_axis',(0.,0.,-1.));
#4434=DIRECTION('ref_axis',(0.,-1.,0.));
#4435=DIRECTION('',(0.,-1.,0.));
#4436=DIRECTION('',(-1.,0.,0.));
#4437=DIRECTION('center_axis',(0.,1.,0.));
#4438=DIRECTION('ref_axis',(0.,0.,-1.));
#4439=DIRECTION('',(0.,0.,-1.));
#4440=DIRECTION('',(-1.,0.,0.));
#4441=DIRECTION('center_axis',(0.,0.,1.));
#4442=DIRECTION('ref_axis',(0.,1.,0.));
#4443=DIRECTION('',(0.,1.,0.));
#4444=DIRECTION('center_axis',(-1.,0.,0.));
#4445=DIRECTION('ref_axis',(0.,-1.,0.));
#4446=DIRECTION('center_axis',(-1.,0.,0.));
#4447=DIRECTION('ref_axis',(0.,1.,0.));
#4448=DIRECTION('center_axis',(1.,0.,0.));
#4449=DIRECTION('ref_axis',(0.,-1.,0.));
#4450=DIRECTION('center_axis',(1.,0.,0.));
#4451=DIRECTION('ref_axis',(0.,-1.,0.));
#4452=DIRECTION('center_axis',(1.,0.,0.));
#4453=DIRECTION('ref_axis',(0.,-1.,0.));
#4454=DIRECTION('',(1.,0.,0.));
#4455=DIRECTION('center_axis',(1.,0.,0.));
#4456=DIRECTION('ref_axis',(0.,-1.,0.));
#4457=DIRECTION('',(1.,0.,0.));
#4458=DIRECTION('center_axis',(1.,0.,0.));
#4459=DIRECTION('ref_axis',(0.,-1.,0.));
#4460=DIRECTION('',(1.,0.,0.));
#4461=DIRECTION('center_axis',(1.,0.,0.));
#4462=DIRECTION('ref_axis',(0.,-1.,0.));
#4463=DIRECTION('',(1.,0.,0.));
#4464=DIRECTION('center_axis',(1.,0.,0.));
#4465=DIRECTION('ref_axis',(0.,-0.707106781186547,0.707106781186548));
#4466=DIRECTION('',(1.,0.,0.));
#4467=DIRECTION('center_axis',(1.,0.,0.));
#4468=DIRECTION('ref_axis',(0.,-0.707106781186547,0.707106781186548));
#4469=DIRECTION('',(-1.,0.,0.));
#4470=DIRECTION('center_axis',(0.,0.,1.));
#4471=DIRECTION('ref_axis',(0.,-1.,0.));
#4472=DIRECTION('',(-1.,0.,0.));
#4473=DIRECTION('',(0.,1.,0.));
#4474=DIRECTION('center_axis',(1.,0.,0.));
#4475=DIRECTION('ref_axis',(0.,-0.707106781186548,-0.707106781186547));
#4476=DIRECTION('',(1.,0.,0.));
#4477=DIRECTION('center_axis',(1.,0.,0.));
#4478=DIRECTION('ref_axis',(0.,-0.707106781186548,-0.707106781186547));
#4479=DIRECTION('',(-1.,0.,0.));
#4480=DIRECTION('center_axis',(0.,-1.,3.96508223080413E-17));
#4481=DIRECTION('ref_axis',(0.,-3.96508223080413E-17,-1.));
#4482=DIRECTION('',(0.,3.96508223080413E-17,1.));
#4483=DIRECTION('center_axis',(1.,0.,0.));
#4484=DIRECTION('ref_axis',(0.,0.707106781186548,-0.707106781186547));
#4485=DIRECTION('',(1.,0.,0.));
#4486=DIRECTION('center_axis',(1.,0.,0.));
#4487=DIRECTION('ref_axis',(0.,0.707106781186548,-0.707106781186547));
#4488=DIRECTION('',(-1.,0.,0.));
#4489=DIRECTION('center_axis',(0.,0.,-1.));
#4490=DIRECTION('ref_axis',(0.,1.,0.));
#4491=DIRECTION('',(0.,-1.,0.));
#4492=DIRECTION('center_axis',(1.,0.,0.));
#4493=DIRECTION('ref_axis',(0.,0.707106781186547,0.707106781186548));
#4494=DIRECTION('',(1.,0.,0.));
#4495=DIRECTION('center_axis',(1.,0.,0.));
#4496=DIRECTION('ref_axis',(0.,0.707106781186547,0.707106781186548));
#4497=DIRECTION('center_axis',(0.,1.,3.1720657846433E-16));
#4498=DIRECTION('ref_axis',(0.,-3.1720657846433E-16,1.));
#4499=DIRECTION('',(0.,3.1720657846433E-16,-1.));
#4500=DIRECTION('center_axis',(0.,0.,-1.));
#4501=DIRECTION('ref_axis',(-1.,0.,0.));
#4502=DIRECTION('',(0.,-1.,0.));
#4503=DIRECTION('center_axis',(0.,0.,-1.));
#4504=DIRECTION('ref_axis',(-1.,0.,0.));
#4505=DIRECTION('center_axis',(0.,0.,1.));
#4506=DIRECTION('ref_axis',(-1.,0.,0.));
#4507=DIRECTION('',(0.,0.,1.));
#4508=DIRECTION('center_axis',(0.,0.,1.));
#4509=DIRECTION('ref_axis',(-1.,0.,0.));
#4510=DIRECTION('center_axis',(0.,0.,-1.));
#4511=DIRECTION('ref_axis',(-1.,0.,0.));
#4512=DIRECTION('center_axis',(0.,0.,-1.));
#4513=DIRECTION('ref_axis',(1.,0.,0.));
#4514=DIRECTION('',(0.,0.,1.));
#4515=DIRECTION('center_axis',(0.,0.,-1.));
#4516=DIRECTION('ref_axis',(1.,0.,0.));
#4517=DIRECTION('center_axis',(0.,0.,1.));
#4518=DIRECTION('ref_axis',(1.,0.,0.));
#4519=DIRECTION('center_axis',(0.,0.,-1.));
#4520=DIRECTION('ref_axis',(-1.,0.,0.));
#4521=DIRECTION('',(0.,0.,1.));
#4522=DIRECTION('center_axis',(0.,0.,-1.));
#4523=DIRECTION('ref_axis',(-1.,0.,0.));
#4524=DIRECTION('center_axis',(0.,0.,1.));
#4525=DIRECTION('ref_axis',(-1.,0.,0.));
#4526=DIRECTION('center_axis',(0.,0.,1.));
#4527=DIRECTION('ref_axis',(1.,0.,0.));
#4528=DIRECTION('',(0.,0.,1.));
#4529=DIRECTION('center_axis',(0.,0.,1.));
#4530=DIRECTION('ref_axis',(1.,0.,0.));
#4531=DIRECTION('center_axis',(0.,0.,-1.));
#4532=DIRECTION('ref_axis',(1.,0.,0.));
#4533=DIRECTION('center_axis',(-1.,0.,0.));
#4534=DIRECTION('ref_axis',(0.,1.,0.));
#4535=DIRECTION('center_axis',(0.,1.,0.));
#4536=DIRECTION('ref_axis',(1.,0.,0.));
#4537=DIRECTION('',(0.,0.,-1.));
#4538=DIRECTION('center_axis',(1.,0.,0.));
#4539=DIRECTION('ref_axis',(0.,-1.,0.));
#4540=CARTESIAN_POINT('',(0.,0.,0.));
#4541=CARTESIAN_POINT('Origin',(-27.5,45.,-17.7));
#4542=CARTESIAN_POINT('',(-29.3874586088176,45.4,-15.7000000000001));
#4543=CARTESIAN_POINT('',(-27.5,45.4,-17.7));
#4544=CARTESIAN_POINT('',(-10.1303989918775,45.4,-36.1052788516543));
#4545=CARTESIAN_POINT('',(-29.3874586088176,43.4,-15.7000000000001));
#4546=CARTESIAN_POINT('',(-29.3874586088176,45.,-15.7000000000001));
#4547=CARTESIAN_POINT('',(-27.5,43.4,-17.7));
#4548=CARTESIAN_POINT('',(-10.5072584960098,43.4,-35.7059487658218));
#4549=CARTESIAN_POINT('',(-27.5,45.,-17.7));
#4550=CARTESIAN_POINT('Origin',(-25.6125413911824,45.,-15.7));
#4551=CARTESIAN_POINT('',(-25.6125413911824,45.4,-15.7));
#4552=CARTESIAN_POINT('',(-0.35149153842454,45.4,11.0672623227287));
#4553=CARTESIAN_POINT('',(-25.6125413911824,43.4,-15.7));
#4554=CARTESIAN_POINT('',(-0.728351042556767,43.4,10.6679322368962));
#4555=CARTESIAN_POINT('',(-25.6125413911824,45.,-15.7));
#4556=CARTESIAN_POINT('Origin',(-27.5,45.,-13.7));
#4557=CARTESIAN_POINT('Origin',(-27.5,45.4,-13.7));
#4558=CARTESIAN_POINT('Origin',(-27.5,43.4,-13.7));
#4559=CARTESIAN_POINT('Origin',(-42.5,45.,-17.7));
#4560=CARTESIAN_POINT('',(-44.3874586088177,45.4,-15.7));
#4561=CARTESIAN_POINT('',(-42.5,45.4,-17.7));
#4562=CARTESIAN_POINT('',(-21.5973411406378,45.4,-39.8489984063341));
#4563=CARTESIAN_POINT('',(-44.3874586088177,43.4,-15.7));
#4564=CARTESIAN_POINT('',(-44.3874586088177,45.,-15.7));
#4565=CARTESIAN_POINT('',(-42.5,43.4,-17.7));
#4566=CARTESIAN_POINT('',(-21.9742006447701,43.4,-39.4496683205016));
#4567=CARTESIAN_POINT('',(-42.5,45.,-17.7));
#4568=CARTESIAN_POINT('Origin',(-40.6125413911823,45.,-15.7));
#4569=CARTESIAN_POINT('',(-40.6125413911823,45.4,-15.7));
#4570=CARTESIAN_POINT('',(-11.8184336871849,45.4,14.8109818774085));
#4571=CARTESIAN_POINT('',(-40.6125413911823,43.4,-15.7));
#4572=CARTESIAN_POINT('',(-12.1952931913171,43.4,14.411651791576));
#4573=CARTESIAN_POINT('',(-40.6125413911823,45.,-15.7));
#4574=CARTESIAN_POINT('Origin',(-42.5,45.,-13.7));
#4575=CARTESIAN_POINT('Origin',(-42.5,45.4,-13.7));
#4576=CARTESIAN_POINT('Origin',(-42.5,43.4,-13.7));
#4577=CARTESIAN_POINT('Origin',(-7.5,45.,-17.7));
#4578=CARTESIAN_POINT('',(-7.5,45.4,-17.7));
#4579=CARTESIAN_POINT('',(-5.61254139118235,45.4,-15.7));
#4580=CARTESIAN_POINT('',(13.9940353555138,45.4,5.07563624982246));
#4581=CARTESIAN_POINT('',(-7.5,43.4,-17.7));
#4582=CARTESIAN_POINT('',(-7.5,45.,-17.7));
#4583=CARTESIAN_POINT('',(-5.61254139118235,43.4,-15.7));
#4584=CARTESIAN_POINT('',(13.6171758513816,43.4,4.67630616398996));
#4585=CARTESIAN_POINT('',(-5.61254139118235,45.,-15.7));
#4586=CARTESIAN_POINT('Origin',(-7.5,45.,-13.7));
#4587=CARTESIAN_POINT('',(-9.38745860881761,45.4,-15.7000000000001));
#4588=CARTESIAN_POINT('Origin',(-7.5,45.4,-13.7));
#4589=CARTESIAN_POINT('',(-9.38745860881761,43.4,-15.7000000000001));
#4590=CARTESIAN_POINT('Origin',(-7.5,43.4,-13.7));
#4591=CARTESIAN_POINT('',(-9.38745860881761,45.,-15.7000000000001));
#4592=CARTESIAN_POINT('Origin',(-9.38745860881761,45.,-15.7000000000001));
#4593=CARTESIAN_POINT('',(4.21512790206078,45.4,-30.1136527787481));
#4594=CARTESIAN_POINT('',(3.83826839792855,43.4,-29.7143226929156));
#4595=CARTESIAN_POINT('Origin',(32.5,45.2,1.4));
#4596=CARTESIAN_POINT('',(-64.4,45.4,1.4));
#4597=CARTESIAN_POINT('',(-64.4,45.2,1.6));
#4598=CARTESIAN_POINT('Origin',(-64.4,45.2,1.4));
#4599=CARTESIAN_POINT('',(64.4,45.2,1.6));
#4600=CARTESIAN_POINT('',(32.5,45.2,1.6));
#4601=CARTESIAN_POINT('',(64.4,45.4,1.4));
#4602=CARTESIAN_POINT('Origin',(64.4,45.2,1.4));
#4603=CARTESIAN_POINT('',(32.5,45.4,1.4));
#4604=CARTESIAN_POINT('Origin',(64.4,44.4,1.4));
#4605=CARTESIAN_POINT('',(65.2,44.4,1.6));
#4606=CARTESIAN_POINT('',(65.4,44.4,1.4));
#4607=CARTESIAN_POINT('Origin',(65.2,44.4,1.4));
#4608=CARTESIAN_POINT('Origin',(64.4,44.4,1.4));
#4609=CARTESIAN_POINT('Origin',(64.4,44.4,1.6));
#4610=CARTESIAN_POINT('Origin',(65.2,-22.5,1.4));
#4611=CARTESIAN_POINT('',(65.2,-44.4,1.6));
#4612=CARTESIAN_POINT('',(65.4,-44.4,1.4));
#4613=CARTESIAN_POINT('Origin',(65.2,-44.4,1.4));
#4614=CARTESIAN_POINT('',(65.4,-22.5,1.4));
#4615=CARTESIAN_POINT('',(65.2,-22.5,1.6));
#4616=CARTESIAN_POINT('Origin',(64.4,-44.4,1.4));
#4617=CARTESIAN_POINT('',(64.4,-45.2,1.6));
#4618=CARTESIAN_POINT('',(64.4,-45.4,1.4));
#4619=CARTESIAN_POINT('Origin',(64.4,-45.2,1.4));
#4620=CARTESIAN_POINT('Origin',(64.4,-44.4,1.4));
#4621=CARTESIAN_POINT('Origin',(64.4,-44.4,1.6));
#4622=CARTESIAN_POINT('Origin',(-32.5,-45.2,1.4));
#4623=CARTESIAN_POINT('',(-64.4,-45.2,1.6));
#4624=CARTESIAN_POINT('',(-64.4,-45.4,1.4));
#4625=CARTESIAN_POINT('Origin',(-64.4,-45.2,1.4));
#4626=CARTESIAN_POINT('',(-32.5,-45.4,1.4));
#4627=CARTESIAN_POINT('',(-32.5,-45.2,1.6));
#4628=CARTESIAN_POINT('Origin',(-64.4,-44.4,1.4));
#4629=CARTESIAN_POINT('',(-65.2,-44.4,1.6));
#4630=CARTESIAN_POINT('',(-65.4,-44.4,1.4));
#4631=CARTESIAN_POINT('Origin',(-65.2,-44.4,1.4));
#4632=CARTESIAN_POINT('Origin',(-64.4,-44.4,1.4));
#4633=CARTESIAN_POINT('Origin',(-64.4,-44.4,1.6));
#4634=CARTESIAN_POINT('Origin',(-65.2,22.5,1.4));
#4635=CARTESIAN_POINT('',(-65.2,44.4,1.6));
#4636=CARTESIAN_POINT('',(-65.4,44.4,1.4));
#4637=CARTESIAN_POINT('Origin',(-65.2,44.4,1.4));
#4638=CARTESIAN_POINT('',(-65.4,22.5,1.4));
#4639=CARTESIAN_POINT('',(-65.2,22.5,1.6));
#4640=CARTESIAN_POINT('Origin',(-64.4,44.4,1.4));
#4641=CARTESIAN_POINT('Origin',(-64.4,44.4,1.4));
#4642=CARTESIAN_POINT('Origin',(-64.4,44.4,1.6));
#4643=CARTESIAN_POINT('Origin',(-64.4,-44.4,0.));
#4644=CARTESIAN_POINT('',(-65.4,-44.4,-29.));
#4645=CARTESIAN_POINT('',(-65.4,-44.4,0.));
#4646=CARTESIAN_POINT('',(-64.4,-45.4,-29.));
#4647=CARTESIAN_POINT('Origin',(-64.4,-44.4,-29.));
#4648=CARTESIAN_POINT('',(-64.4,-45.4,0.));
#4649=CARTESIAN_POINT('Origin',(-65.4,45.,0.));
#4650=CARTESIAN_POINT('',(-65.4,44.4,-29.));
#4651=CARTESIAN_POINT('',(-65.4,44.4,0.));
#4652=CARTESIAN_POINT('',(-65.4,45.,-29.));
#4653=CARTESIAN_POINT('',(-65.4,-36.45,-19.));
#4654=CARTESIAN_POINT('Origin',(-65.4,-38.,-19.));
#4655=CARTESIAN_POINT('',(-65.4,39.55,-4.9));
#4656=CARTESIAN_POINT('Origin',(-65.4,38.,-4.9));
#4657=CARTESIAN_POINT('',(-65.4,39.55,-19.));
#4658=CARTESIAN_POINT('Origin',(-65.4,38.,-19.));
#4659=CARTESIAN_POINT('',(-65.4,-36.45,-4.9));
#4660=CARTESIAN_POINT('Origin',(-65.4,-38.,-4.9));
#4661=CARTESIAN_POINT('',(-65.4,11.55,-8.4));
#4662=CARTESIAN_POINT('',(-65.4,11.55,-5.4));
#4663=CARTESIAN_POINT('',(-65.4,11.55,-5.20000000000001));
#4664=CARTESIAN_POINT('',(-65.4,9.55,-3.4));
#4665=CARTESIAN_POINT('Origin',(-65.4,9.55,-5.4));
#4666=CARTESIAN_POINT('',(-65.4,0.550000000000006,-3.4));
#4667=CARTESIAN_POINT('',(-65.4,28.275,-3.4));
#4668=CARTESIAN_POINT('',(-65.4,-1.45,-5.4));
#4669=CARTESIAN_POINT('Origin',(-65.4,0.550000000000004,-5.4));
#4670=CARTESIAN_POINT('',(-65.4,-1.45,-8.4));
#4671=CARTESIAN_POINT('',(-65.4,-1.45,-1.7));
#4672=CARTESIAN_POINT('',(-65.4,0.550000000000006,-10.4));
#4673=CARTESIAN_POINT('Origin',(-65.4,0.550000000000004,-8.4));
#4674=CARTESIAN_POINT('',(-65.4,9.55,-10.4));
#4675=CARTESIAN_POINT('',(-65.4,21.775,-10.4));
#4676=CARTESIAN_POINT('Origin',(-65.4,9.55,-8.4));
#4677=CARTESIAN_POINT('Origin',(-64.4,44.4,0.));
#4678=CARTESIAN_POINT('',(-64.4,45.4,-29.));
#4679=CARTESIAN_POINT('',(-64.4,45.4,0.));
#4680=CARTESIAN_POINT('Origin',(-64.4,44.4,-29.));
#4681=CARTESIAN_POINT('Origin',(65.,45.4,0.));
#4682=CARTESIAN_POINT('',(64.4,45.4,-29.));
#4683=CARTESIAN_POINT('',(64.4,45.4,0.));
#4684=CARTESIAN_POINT('',(-65.,45.4,-29.));
#4685=CARTESIAN_POINT('',(9.38745860881761,45.4,-15.7000000000001));
#4686=CARTESIAN_POINT('',(5.61254139118235,45.4,-15.7));
#4687=CARTESIAN_POINT('Origin',(7.5,45.4,-13.7));
#4688=CARTESIAN_POINT('',(7.5,45.4,-17.7));
#4689=CARTESIAN_POINT('',(15.6820700508212,45.4,-26.3699332240684));
#4690=CARTESIAN_POINT('',(25.4609775042741,45.4,1.33191669514277));
#4691=CARTESIAN_POINT('',(44.3874586088177,45.4,-15.7));
#4692=CARTESIAN_POINT('',(40.6125413911823,45.4,-15.7));
#4693=CARTESIAN_POINT('Origin',(42.5,45.4,-13.7));
#4694=CARTESIAN_POINT('',(42.5,45.4,-17.7));
#4695=CARTESIAN_POINT('',(42.4382683979286,45.4,-17.6345875964824));
#4696=CARTESIAN_POINT('',(52.2171758513816,45.4,-7.40342893244323));
#4697=CARTESIAN_POINT('',(29.3874586088176,45.4,-15.7000000000001));
#4698=CARTESIAN_POINT('',(25.6125413911824,45.4,-15.7));
#4699=CARTESIAN_POINT('Origin',(27.5,45.4,-13.7));
#4700=CARTESIAN_POINT('',(27.5,45.4,-17.7));
#4701=CARTESIAN_POINT('',(30.9713262491683,45.4,-21.3783071511621));
#4702=CARTESIAN_POINT('',(40.7502337026212,45.4,-3.65970937776351));
#4703=CARTESIAN_POINT('Origin',(0.,0.,1.6));
#4704=CARTESIAN_POINT('',(52.81,-33.6,1.6));
#4705=CARTESIAN_POINT('',(-52.81,-33.6,1.6));
#4706=CARTESIAN_POINT('',(26.4,-33.6,1.6));
#4707=CARTESIAN_POINT('',(-52.81,33.63,1.6));
#4708=CARTESIAN_POINT('',(-52.81,-16.8,1.6));
#4709=CARTESIAN_POINT('',(52.81,33.63,1.6));
#4710=CARTESIAN_POINT('',(-26.4,33.63,1.6));
#4711=CARTESIAN_POINT('',(52.81,16.8,1.6));
#4712=CARTESIAN_POINT('Origin',(64.4,-44.4,0.));
#4713=CARTESIAN_POINT('',(64.4,-45.4,-29.));
#4714=CARTESIAN_POINT('',(64.4,-45.4,0.));
#4715=CARTESIAN_POINT('',(65.4,-44.4,-29.));
#4716=CARTESIAN_POINT('Origin',(64.4,-44.4,-29.));
#4717=CARTESIAN_POINT('',(65.4,-44.4,0.));
#4718=CARTESIAN_POINT('Origin',(-65.,-45.4,0.));
#4719=CARTESIAN_POINT('',(-65.,-45.4,-29.));
#4720=CARTESIAN_POINT('Origin',(64.4,44.4,0.));
#4721=CARTESIAN_POINT('',(65.4,44.4,-29.));
#4722=CARTESIAN_POINT('',(65.4,44.4,0.));
#4723=CARTESIAN_POINT('Origin',(64.4,44.4,-29.));
#4724=CARTESIAN_POINT('Origin',(65.4,-45.,0.));
#4725=CARTESIAN_POINT('',(65.4,45.,-29.));
#4726=CARTESIAN_POINT('',(65.4,39.55,-4.9));
#4727=CARTESIAN_POINT('Origin',(65.4,38.,-4.9));
#4728=CARTESIAN_POINT('',(65.4,-36.45,-4.9));
#4729=CARTESIAN_POINT('Origin',(65.4,-38.,-4.9));
#4730=CARTESIAN_POINT('',(65.4,39.55,-19.));
#4731=CARTESIAN_POINT('Origin',(65.4,38.,-19.));
#4732=CARTESIAN_POINT('',(65.4,-36.45,-19.));
#4733=CARTESIAN_POINT('Origin',(65.4,-38.,-19.));
#4734=CARTESIAN_POINT('Origin',(25.6125413911824,45.,-15.7));
#4735=CARTESIAN_POINT('',(27.5,43.4,-17.7));
#4736=CARTESIAN_POINT('',(25.6125413911824,43.4,-15.7));
#4737=CARTESIAN_POINT('',(30.594466745036,43.4,-20.9789770653296));
#4738=CARTESIAN_POINT('',(27.5,45.,-17.7));
#4739=CARTESIAN_POINT('',(25.6125413911824,45.,-15.7));
#4740=CARTESIAN_POINT('Origin',(27.5,45.,-13.7));
#4741=CARTESIAN_POINT('',(29.3874586088176,43.4,-15.7000000000001));
#4742=CARTESIAN_POINT('Origin',(27.5,43.4,-13.7));
#4743=CARTESIAN_POINT('',(29.3874586088176,45.,-15.7000000000001));
#4744=CARTESIAN_POINT('Origin',(27.5,45.,-17.7));
#4745=CARTESIAN_POINT('',(40.373374198489,43.4,-4.05903946359602));
#4746=CARTESIAN_POINT('Origin',(40.6125413911823,45.,-15.7));
#4747=CARTESIAN_POINT('',(42.5,43.4,-17.7));
#4748=CARTESIAN_POINT('',(40.6125413911823,43.4,-15.7));
#4749=CARTESIAN_POINT('',(42.0614088937964,43.4,-17.2352575106499));
#4750=CARTESIAN_POINT('',(42.5,45.,-17.7));
#4751=CARTESIAN_POINT('',(40.6125413911823,45.,-15.7));
#4752=CARTESIAN_POINT('Origin',(42.5,45.,-13.7));
#4753=CARTESIAN_POINT('',(44.3874586088177,43.4,-15.7));
#4754=CARTESIAN_POINT('Origin',(42.5,43.4,-13.7));
#4755=CARTESIAN_POINT('',(44.3874586088177,45.,-15.7));
#4756=CARTESIAN_POINT('Origin',(42.5,45.,-17.7));
#4757=CARTESIAN_POINT('',(51.8403163472493,43.4,-7.80275901827574));
#4758=CARTESIAN_POINT('Origin',(5.61254139118235,45.,-15.7));
#4759=CARTESIAN_POINT('',(7.5,43.4,-17.7));
#4760=CARTESIAN_POINT('',(5.61254139118235,43.4,-15.7));
#4761=CARTESIAN_POINT('',(15.3052105466889,43.4,-25.9706031382359));
#4762=CARTESIAN_POINT('',(7.5,45.,-17.7));
#4763=CARTESIAN_POINT('',(5.61254139118235,45.,-15.7));
#4764=CARTESIAN_POINT('Origin',(7.5,45.,-13.7));
#4765=CARTESIAN_POINT('',(9.38745860881761,43.4,-15.7000000000001));
#4766=CARTESIAN_POINT('Origin',(7.5,43.4,-13.7));
#4767=CARTESIAN_POINT('',(9.38745860881761,45.,-15.7000000000001));
#4768=CARTESIAN_POINT('Origin',(7.5,45.,-17.7));
#4769=CARTESIAN_POINT('',(25.0841180001418,43.4,0.932586609310263));
#4770=CARTESIAN_POINT('Origin',(-52.81,-33.6,0.));
#4771=CARTESIAN_POINT('',(-52.81,33.63,0.6));
#4772=CARTESIAN_POINT('',(-52.81,-33.6,0.6));
#4773=CARTESIAN_POINT('',(-52.81,-16.8,0.6));
#4774=CARTESIAN_POINT('',(-52.81,33.63,0.));
#4775=CARTESIAN_POINT('',(-52.81,-33.6,0.));
#4776=CARTESIAN_POINT('Origin',(52.81,33.6,0.));
#4777=CARTESIAN_POINT('',(52.81,-36.6,0.6));
#4778=CARTESIAN_POINT('',(52.81,33.63,0.6));
#4779=CARTESIAN_POINT('',(52.81,16.8,0.6));
#4780=CARTESIAN_POINT('',(52.81,-36.6,1.));
#4781=CARTESIAN_POINT('',(52.81,-36.6,0.));
#4782=CARTESIAN_POINT('',(52.81,-36.4461478889537,1.));
#4783=CARTESIAN_POINT('',(52.81,-36.6,1.));
#4784=CARTESIAN_POINT('',(52.81,-33.6,1.4));
#4785=CARTESIAN_POINT('',(52.81,-1.45881355501061,5.917149171304));
#4786=CARTESIAN_POINT('',(52.81,-33.6,0.));
#4787=CARTESIAN_POINT('',(52.81,33.63,0.));
#4788=CARTESIAN_POINT('Origin',(52.8,33.6,0.6));
#4789=CARTESIAN_POINT('',(52.8,33.6,0.6));
#4790=CARTESIAN_POINT('',(-52.8,33.6,0.6));
#4791=CARTESIAN_POINT('',(-26.4,33.6,0.6));
#4792=CARTESIAN_POINT('',(52.8,-36.6,0.6));
#4793=CARTESIAN_POINT('',(52.8,16.8,0.6));
#4794=CARTESIAN_POINT('',(52.8,-36.6,0.6));
#4795=CARTESIAN_POINT('',(-52.8,33.63,0.6));
#4796=CARTESIAN_POINT('',(-52.8,-33.6,0.6));
#4797=CARTESIAN_POINT('',(-52.8,-33.6,0.6));
#4798=CARTESIAN_POINT('',(-52.8,-16.8,0.6));
#4799=CARTESIAN_POINT('Origin',(-52.8,33.63,0.));
#4800=CARTESIAN_POINT('Origin',(-36.0859199513625,40.9,-29.));
#4801=CARTESIAN_POINT('',(-38.0859199513625,40.9,-29.));
#4802=CARTESIAN_POINT('Origin',(-36.0859199513625,40.9,-29.));
#4803=CARTESIAN_POINT('',(-38.0859199513625,40.9,-22.5));
#4804=CARTESIAN_POINT('',(-38.0859199513625,40.9,-29.));
#4805=CARTESIAN_POINT('Origin',(-36.0859199513625,40.9,-22.5));
#4806=CARTESIAN_POINT('Origin',(-36.0859199513625,-40.9,-29.));
#4807=CARTESIAN_POINT('',(-38.0859199513625,-40.9,-29.));
#4808=CARTESIAN_POINT('Origin',(-36.0859199513625,-40.9,-29.));
#4809=CARTESIAN_POINT('',(-38.0859199513625,-40.9,-22.5));
#4810=CARTESIAN_POINT('',(-38.0859199513625,-40.9,-29.));
#4811=CARTESIAN_POINT('Origin',(-36.0859199513625,-40.9,-22.5));
#4812=CARTESIAN_POINT('Origin',(36.0859199513625,40.9,-29.));
#4813=CARTESIAN_POINT('',(34.0859199513625,40.9,-29.));
#4814=CARTESIAN_POINT('Origin',(36.0859199513625,40.9,-29.));
#4815=CARTESIAN_POINT('',(34.0859199513625,40.9,-22.5));
#4816=CARTESIAN_POINT('',(34.0859199513625,40.9,-29.));
#4817=CARTESIAN_POINT('Origin',(36.0859199513625,40.9,-22.5));
#4818=CARTESIAN_POINT('Origin',(36.0859199513625,-40.9,-29.));
#4819=CARTESIAN_POINT('',(34.0859199513625,-40.9,-29.));
#4820=CARTESIAN_POINT('Origin',(36.0859199513625,-40.9,-29.));
#4821=CARTESIAN_POINT('',(34.0859199513625,-40.9,-22.5));
#4822=CARTESIAN_POINT('',(34.0859199513625,-40.9,-29.));
#4823=CARTESIAN_POINT('Origin',(36.0859199513625,-40.9,-22.5));
#4824=CARTESIAN_POINT('Origin',(-49.7429599756813,-40.9,-22.5));
#4825=CARTESIAN_POINT('',(-32.0859199513625,-43.4,-20.));
#4826=CARTESIAN_POINT('',(-32.0859199513625,-38.4,-25.));
#4827=CARTESIAN_POINT('',(-32.0859199513625,-39.9,-23.5));
#4828=CARTESIAN_POINT('',(-40.0859199513625,-38.4,-25.));
#4829=CARTESIAN_POINT('',(-32.0859199513625,-38.4,-25.));
#4830=CARTESIAN_POINT('',(-40.0859199513625,-43.4,-20.));
#4831=CARTESIAN_POINT('',(-40.0859199513625,-38.65,-24.75));
#4832=CARTESIAN_POINT('',(-49.7429599756813,-43.4,-20.));
#4833=CARTESIAN_POINT('Origin',(-13.6570400243187,-40.9,-22.5));
#4834=CARTESIAN_POINT('',(40.0859199513625,-43.4,-20.));
#4835=CARTESIAN_POINT('',(40.0859199513625,-38.4,-25.));
#4836=CARTESIAN_POINT('',(40.0859199513625,-39.9,-23.5));
#4837=CARTESIAN_POINT('',(32.0859199513625,-38.4,-25.));
#4838=CARTESIAN_POINT('',(32.0859199513625,-38.4,-25.));
#4839=CARTESIAN_POINT('',(32.0859199513625,-43.4,-20.));
#4840=CARTESIAN_POINT('',(32.0859199513625,-38.65,-24.75));
#4841=CARTESIAN_POINT('',(-13.6570400243187,-43.4,-20.));
#4842=CARTESIAN_POINT('Origin',(13.6570400243187,40.9,-22.5));
#4843=CARTESIAN_POINT('',(-40.0859199513625,43.4,-20.));
#4844=CARTESIAN_POINT('',(-40.0859199513625,38.4,-25.));
#4845=CARTESIAN_POINT('',(-40.0859199513625,39.9,-23.5));
#4846=CARTESIAN_POINT('',(-32.0859199513625,38.4,-25.));
#4847=CARTESIAN_POINT('',(-32.0859199513625,38.4,-25.));
#4848=CARTESIAN_POINT('',(-32.0859199513625,43.4,-20.));
#4849=CARTESIAN_POINT('',(-32.0859199513625,38.65,-24.75));
#4850=CARTESIAN_POINT('',(13.6570400243187,43.4,-20.));
#4851=CARTESIAN_POINT('Origin',(49.7429599756813,40.9,-22.5));
#4852=CARTESIAN_POINT('',(32.0859199513625,43.4,-20.));
#4853=CARTESIAN_POINT('',(32.0859199513625,38.4,-25.));
#4854=CARTESIAN_POINT('',(32.0859199513625,39.9,-23.5));
#4855=CARTESIAN_POINT('',(40.0859199513625,38.4,-25.));
#4856=CARTESIAN_POINT('',(32.0859199513625,38.4,-25.));
#4857=CARTESIAN_POINT('',(40.0859199513625,43.4,-20.));
#4858=CARTESIAN_POINT('',(40.0859199513625,38.65,-24.75));
#4859=CARTESIAN_POINT('',(49.7429599756813,43.4,-20.));
#4860=CARTESIAN_POINT('Origin',(-32.0859199513625,-43.4,-29.));
#4861=CARTESIAN_POINT('',(-32.0859199513625,-43.4,-29.));
#4862=CARTESIAN_POINT('',(-32.0859199513625,-38.4,-29.));
#4863=CARTESIAN_POINT('',(-32.0859199513625,-43.4,-29.));
#4864=CARTESIAN_POINT('',(-32.0859199513625,-38.4,-29.));
#4865=CARTESIAN_POINT('',(-32.0859199513625,-43.4,-14.5));
#4866=CARTESIAN_POINT('Origin',(-40.0859199513625,-38.4,-29.));
#4867=CARTESIAN_POINT('',(-40.0859199513625,-38.4,-29.));
#4868=CARTESIAN_POINT('',(-40.0859199513625,-43.4,-29.));
#4869=CARTESIAN_POINT('',(-40.0859199513625,-38.4,-29.));
#4870=CARTESIAN_POINT('',(-40.0859199513625,-43.4,-14.5));
#4871=CARTESIAN_POINT('',(-40.0859199513625,-38.4,-29.));
#4872=CARTESIAN_POINT('Origin',(-32.0859199513625,-38.4,-29.));
#4873=CARTESIAN_POINT('',(-32.0859199513625,-38.4,-29.));
#4874=CARTESIAN_POINT('Origin',(32.0859199513625,43.4,-29.));
#4875=CARTESIAN_POINT('',(32.0859199513625,43.4,-29.));
#4876=CARTESIAN_POINT('',(32.0859199513625,38.4,-29.));
#4877=CARTESIAN_POINT('',(32.0859199513625,43.4,-29.));
#4878=CARTESIAN_POINT('',(32.0859199513625,38.4,-29.));
#4879=CARTESIAN_POINT('',(32.0859199513625,43.4,-14.5));
#4880=CARTESIAN_POINT('Origin',(40.0859199513625,38.4,-29.));
#4881=CARTESIAN_POINT('',(40.0859199513625,38.4,-29.));
#4882=CARTESIAN_POINT('',(40.0859199513625,43.4,-29.));
#4883=CARTESIAN_POINT('',(40.0859199513625,38.4,-29.));
#4884=CARTESIAN_POINT('',(40.0859199513625,43.4,-14.5));
#4885=CARTESIAN_POINT('',(40.0859199513625,38.4,-29.));
#4886=CARTESIAN_POINT('Origin',(32.0859199513625,38.4,-29.));
#4887=CARTESIAN_POINT('',(32.0859199513625,38.4,-29.));
#4888=CARTESIAN_POINT('Origin',(40.0859199513625,-43.4,-29.));
#4889=CARTESIAN_POINT('',(40.0859199513625,-38.4,-29.));
#4890=CARTESIAN_POINT('',(40.0859199513625,-43.4,-29.));
#4891=CARTESIAN_POINT('',(40.0859199513625,-38.4,-29.));
#4892=CARTESIAN_POINT('',(40.0859199513625,-38.4,-29.));
#4893=CARTESIAN_POINT('',(40.0859199513625,-43.4,-14.5));
#4894=CARTESIAN_POINT('Origin',(32.0859199513625,-38.4,-29.));
#4895=CARTESIAN_POINT('',(32.0859199513625,-43.4,-29.));
#4896=CARTESIAN_POINT('',(32.0859199513625,-38.4,-29.));
#4897=CARTESIAN_POINT('',(32.0859199513625,-43.4,-29.));
#4898=CARTESIAN_POINT('',(32.0859199513625,-43.4,-14.5));
#4899=CARTESIAN_POINT('',(32.0859199513625,-38.4,-29.));
#4900=CARTESIAN_POINT('Origin',(40.0859199513625,-38.4,-29.));
#4901=CARTESIAN_POINT('',(32.0859199513625,-38.4,-29.));
#4902=CARTESIAN_POINT('Origin',(-32.0859199513625,38.4,-29.));
#4903=CARTESIAN_POINT('',(-32.0859199513625,43.4,-29.));
#4904=CARTESIAN_POINT('',(-32.0859199513625,38.4,-29.));
#4905=CARTESIAN_POINT('',(-32.0859199513625,43.4,-29.));
#4906=CARTESIAN_POINT('',(-32.0859199513625,43.4,-14.5));
#4907=CARTESIAN_POINT('',(-32.0859199513625,38.4,-29.));
#4908=CARTESIAN_POINT('Origin',(-40.0859199513625,38.4,-29.));
#4909=CARTESIAN_POINT('',(-40.0859199513625,38.4,-29.));
#4910=CARTESIAN_POINT('',(-32.0859199513625,38.4,-29.));
#4911=CARTESIAN_POINT('',(-40.0859199513625,38.4,-29.));
#4912=CARTESIAN_POINT('Origin',(-40.0859199513625,43.4,-29.));
#4913=CARTESIAN_POINT('',(-40.0859199513625,43.4,-29.));
#4914=CARTESIAN_POINT('',(-40.0859199513625,38.4,-29.));
#4915=CARTESIAN_POINT('',(-40.0859199513625,43.4,-14.5));
#4916=CARTESIAN_POINT('Origin',(63.4,43.4,0.));
#4917=CARTESIAN_POINT('',(-63.4,43.4,-29.));
#4918=CARTESIAN_POINT('',(63.4,43.4,-29.));
#4919=CARTESIAN_POINT('',(-63.4,43.4,-29.));
#4920=CARTESIAN_POINT('',(63.4,43.4,0.));
#4921=CARTESIAN_POINT('',(63.4,43.4,0.));
#4922=CARTESIAN_POINT('',(-63.4,43.4,0.));
#4923=CARTESIAN_POINT('',(31.7,43.4,0.));
#4924=CARTESIAN_POINT('',(-63.4,43.4,-29.));
#4925=CARTESIAN_POINT('',(-63.4,43.4,0.));
#4926=CARTESIAN_POINT('',(-63.4,43.4,-29.));
#4927=CARTESIAN_POINT('Origin',(0.,0.,-29.));
#4928=CARTESIAN_POINT('',(-63.4,-43.4,-29.));
#4929=CARTESIAN_POINT('',(-63.4,-43.4,-29.));
#4930=CARTESIAN_POINT('',(63.4,-43.4,-29.));
#4931=CARTESIAN_POINT('',(63.4,-43.4,-29.));
#4932=CARTESIAN_POINT('',(63.4,-43.4,-29.));
#4933=CARTESIAN_POINT('',(63.4,-43.4,-29.));
#4934=CARTESIAN_POINT('',(63.4,43.4,-29.));
#4935=CARTESIAN_POINT('Origin',(-26.4,33.9,0.3));
#4936=CARTESIAN_POINT('',(-53.4,34.2,0.));
#4937=CARTESIAN_POINT('',(-52.8,33.6,0.6));
#4938=CARTESIAN_POINT('',(53.4,34.2,0.));
#4939=CARTESIAN_POINT('',(-26.4,34.2,0.));
#4940=CARTESIAN_POINT('',(53.4,34.2,0.));
#4941=CARTESIAN_POINT('Origin',(26.4,-33.9,0.3));
#4942=CARTESIAN_POINT('',(26.8,-33.6,0.6));
#4943=CARTESIAN_POINT('',(26.4,-33.6,0.6));
#4944=CARTESIAN_POINT('',(26.8,-34.2,0.));
#4945=CARTESIAN_POINT('',(26.8,-33.9,0.3));
#4946=CARTESIAN_POINT('',(-53.4,-34.2,0.));
#4947=CARTESIAN_POINT('',(26.4,-34.2,0.));
#4948=CARTESIAN_POINT('',(-53.4,-34.2,0.));
#4949=CARTESIAN_POINT('Origin',(-53.1,-16.8,0.3));
#4950=CARTESIAN_POINT('',(-53.4,-16.8,0.));
#4951=CARTESIAN_POINT('Origin',(53.1,16.8,0.3));
#4952=CARTESIAN_POINT('',(53.4,-36.6,0.));
#4953=CARTESIAN_POINT('',(53.4,16.8,0.));
#4954=CARTESIAN_POINT('',(46.6,-36.6,6.8));
#4955=CARTESIAN_POINT('Origin',(52.8,-33.6,0.));
#4956=CARTESIAN_POINT('',(26.8,-33.6,1.4));
#4957=CARTESIAN_POINT('',(46.3,-33.6,1.4));
#4958=CARTESIAN_POINT('',(26.8,-33.6,0.));
#4959=CARTESIAN_POINT('Origin',(0.,0.,0.));
#4960=CARTESIAN_POINT('',(-63.4,-37.4742151471521,0.));
#4961=CARTESIAN_POINT('',(-53.6,-37.4742151471521,0.));
#4962=CARTESIAN_POINT('',(-60.8,-37.4742151471521,0.));
#4963=CARTESIAN_POINT('',(-53.6,-24.4742151471521,0.));
#4964=CARTESIAN_POINT('',(-53.6,-26.9742151471521,0.));
#4965=CARTESIAN_POINT('',(-63.4,-24.4742151471521,0.));
#4966=CARTESIAN_POINT('',(-60.8,-24.4742151471521,0.));
#4967=CARTESIAN_POINT('',(-63.4,24.4742151471521,0.));
#4968=CARTESIAN_POINT('',(-63.4,21.7,0.));
#4969=CARTESIAN_POINT('',(-53.6,24.4742151471521,0.));
#4970=CARTESIAN_POINT('',(-60.8,24.4742151471521,0.));
#4971=CARTESIAN_POINT('',(-53.6,37.4742151471521,0.));
#4972=CARTESIAN_POINT('',(-53.6,33.6,0.));
#4973=CARTESIAN_POINT('',(-63.4,37.4742151471521,0.));
#4974=CARTESIAN_POINT('',(-60.8,37.4742151471521,0.));
#4975=CARTESIAN_POINT('',(-63.4,21.7,0.));
#4976=CARTESIAN_POINT('',(63.4,37.4742151471521,0.));
#4977=CARTESIAN_POINT('',(63.4,-21.7,0.));
#4978=CARTESIAN_POINT('',(53.6,37.4742151471521,0.));
#4979=CARTESIAN_POINT('',(60.8,37.4742151471521,0.));
#4980=CARTESIAN_POINT('',(53.6,24.4742151471521,0.));
#4981=CARTESIAN_POINT('',(53.6,33.6,0.));
#4982=CARTESIAN_POINT('',(63.4,24.4742151471521,0.));
#4983=CARTESIAN_POINT('',(60.8,24.4742151471521,0.));
#4984=CARTESIAN_POINT('',(63.4,-24.4742151471521,0.));
#4985=CARTESIAN_POINT('',(63.4,-21.7,0.));
#4986=CARTESIAN_POINT('',(53.6,-24.4742151471521,0.));
#4987=CARTESIAN_POINT('',(60.8,-24.4742151471521,0.));
#4988=CARTESIAN_POINT('',(53.6,-37.4742151471521,0.));
#4989=CARTESIAN_POINT('',(53.6,-26.9742151471521,0.));
#4990=CARTESIAN_POINT('',(63.4,-37.4742151471521,0.));
#4991=CARTESIAN_POINT('',(60.8,-37.4742151471521,0.));
#4992=CARTESIAN_POINT('',(63.4,-43.4,0.));
#4993=CARTESIAN_POINT('',(63.4,-21.7,0.));
#4994=CARTESIAN_POINT('',(-63.4,-43.4,0.));
#4995=CARTESIAN_POINT('',(-31.7,-43.4,0.));
#4996=CARTESIAN_POINT('',(-63.4,21.7,0.));
#4997=CARTESIAN_POINT('',(26.8,-36.6,0.));
#4998=CARTESIAN_POINT('',(26.8,-16.8,0.));
#4999=CARTESIAN_POINT('',(13.4,-36.6,0.));
#5000=CARTESIAN_POINT('Origin',(-26.4,-37.4742151471521,-2.5));
#5001=CARTESIAN_POINT('',(-53.6,-34.9742151471521,-2.5));
#5002=CARTESIAN_POINT('',(-63.4,-34.9742151471521,-2.5));
#5003=CARTESIAN_POINT('',(-60.8,-34.9742151471521,-2.5));
#5004=CARTESIAN_POINT('Origin',(-53.6,-37.4742151471521,-2.5));
#5005=CARTESIAN_POINT('Origin',(-63.4,-37.4742151471521,-2.5));
#5006=CARTESIAN_POINT('Origin',(-52.8,-34.9742151471521,0.));
#5007=CARTESIAN_POINT('',(-63.4,-34.9742151471521,-3.4));
#5008=CARTESIAN_POINT('',(-63.4,-34.9742151471521,-1.7));
#5009=CARTESIAN_POINT('',(-53.6,-34.9742151471521,-3.4));
#5010=CARTESIAN_POINT('',(-54.8,-34.9742151471521,-3.4));
#5011=CARTESIAN_POINT('',(-53.6,-34.9742151471521,-0.85));
#5012=CARTESIAN_POINT('Origin',(-30.4,-24.4742151471521,-2.5));
#5013=CARTESIAN_POINT('',(-53.6,-26.9742151471521,-2.5));
#5014=CARTESIAN_POINT('Origin',(-53.6,-24.4742151471521,-2.5));
#5015=CARTESIAN_POINT('',(-63.4,-26.9742151471521,-2.5));
#5016=CARTESIAN_POINT('',(-30.4,-26.9742151471521,-2.5));
#5017=CARTESIAN_POINT('Origin',(-63.4,-24.4742151471521,-2.5));
#5018=CARTESIAN_POINT('Origin',(-60.8,-26.9742151471521,0.));
#5019=CARTESIAN_POINT('',(-53.6,-26.9742151471521,-3.4));
#5020=CARTESIAN_POINT('',(-53.6,-26.9742151471521,-0.85));
#5021=CARTESIAN_POINT('',(-63.4,-26.9742151471521,-3.4));
#5022=CARTESIAN_POINT('',(-58.8,-26.9742151471521,-3.4));
#5023=CARTESIAN_POINT('',(-63.4,-26.9742151471521,-1.25));
#5024=CARTESIAN_POINT('Origin',(-30.4,37.4742151471521,-2.5));
#5025=CARTESIAN_POINT('',(-53.6,34.9742151471521,-2.5));
#5026=CARTESIAN_POINT('Origin',(-53.6,37.4742151471521,-2.5));
#5027=CARTESIAN_POINT('',(-63.4,34.9742151471521,-2.5));
#5028=CARTESIAN_POINT('',(-30.4,34.9742151471521,-2.5));
#5029=CARTESIAN_POINT('Origin',(-63.4,37.4742151471521,-2.5));
#5030=CARTESIAN_POINT('Origin',(-60.8,34.9742151471521,0.));
#5031=CARTESIAN_POINT('',(-53.6,34.9742151471521,-3.4));
#5032=CARTESIAN_POINT('',(-53.6,34.9742151471521,-0.85));
#5033=CARTESIAN_POINT('',(-63.4,34.9742151471521,-3.4));
#5034=CARTESIAN_POINT('',(-58.8,34.9742151471521,-3.4));
#5035=CARTESIAN_POINT('',(-63.4,34.9742151471521,-1.25));
#5036=CARTESIAN_POINT('Origin',(-26.4,24.4742151471521,-2.5));
#5037=CARTESIAN_POINT('',(-53.6,26.9742151471521,-2.5));
#5038=CARTESIAN_POINT('',(-63.4,26.9742151471521,-2.5));
#5039=CARTESIAN_POINT('',(-60.8,26.9742151471521,-2.5));
#5040=CARTESIAN_POINT('Origin',(-53.6,24.4742151471521,-2.5));
#5041=CARTESIAN_POINT('Origin',(-63.4,24.4742151471521,-2.5));
#5042=CARTESIAN_POINT('Origin',(-52.8,26.9742151471521,0.));
#5043=CARTESIAN_POINT('',(-63.4,26.9742151471521,-3.4));
#5044=CARTESIAN_POINT('',(-63.4,26.9742151471521,-1.7));
#5045=CARTESIAN_POINT('',(-53.6,26.9742151471521,-3.4));
#5046=CARTESIAN_POINT('',(-60.8,26.9742151471521,-3.4));
#5047=CARTESIAN_POINT('',(-53.6,26.9742151471521,-0.85));
#5048=CARTESIAN_POINT('Origin',(26.4,37.4742151471521,-2.5));
#5049=CARTESIAN_POINT('',(53.6,34.9742151471521,-2.5));
#5050=CARTESIAN_POINT('',(63.4,34.9742151471521,-2.5));
#5051=CARTESIAN_POINT('',(60.8,34.9742151471521,-2.5));
#5052=CARTESIAN_POINT('Origin',(53.6,37.4742151471521,-2.5));
#5053=CARTESIAN_POINT('Origin',(63.4,37.4742151471521,-2.5));
#5054=CARTESIAN_POINT('Origin',(52.8,34.9742151471521,0.));
#5055=CARTESIAN_POINT('',(63.4,34.9742151471521,-3.4));
#5056=CARTESIAN_POINT('',(63.4,34.9742151471521,-1.7));
#5057=CARTESIAN_POINT('',(53.6,34.9742151471521,-3.4));
#5058=CARTESIAN_POINT('',(54.8,34.9742151471521,-3.4));
#5059=CARTESIAN_POINT('',(53.6,34.9742151471521,-0.85));
#5060=CARTESIAN_POINT('Origin',(30.4,24.4742151471521,-2.5));
#5061=CARTESIAN_POINT('',(53.6,26.9742151471521,-2.5));
#5062=CARTESIAN_POINT('Origin',(53.6,24.4742151471521,-2.5));
#5063=CARTESIAN_POINT('',(63.4,26.9742151471521,-2.5));
#5064=CARTESIAN_POINT('',(30.4,26.9742151471521,-2.5));
#5065=CARTESIAN_POINT('Origin',(63.4,24.4742151471521,-2.5));
#5066=CARTESIAN_POINT('Origin',(60.8,26.9742151471521,0.));
#5067=CARTESIAN_POINT('',(53.6,26.9742151471521,-3.4));
#5068=CARTESIAN_POINT('',(53.6,26.9742151471521,-0.85));
#5069=CARTESIAN_POINT('',(63.4,26.9742151471521,-3.4));
#5070=CARTESIAN_POINT('',(58.8,26.9742151471521,-3.4));
#5071=CARTESIAN_POINT('',(63.4,26.9742151471521,-1.25));
#5072=CARTESIAN_POINT('Origin',(26.4,-24.4742151471521,-2.5));
#5073=CARTESIAN_POINT('',(53.6,-26.9742151471521,-2.5));
#5074=CARTESIAN_POINT('',(63.4,-26.9742151471521,-2.5));
#5075=CARTESIAN_POINT('',(60.8,-26.9742151471521,-2.5));
#5076=CARTESIAN_POINT('Origin',(53.6,-24.4742151471521,-2.5));
#5077=CARTESIAN_POINT('Origin',(63.4,-24.4742151471521,-2.5));
#5078=CARTESIAN_POINT('Origin',(52.8,-26.9742151471521,0.));
#5079=CARTESIAN_POINT('',(63.4,-26.9742151471521,-3.4));
#5080=CARTESIAN_POINT('',(63.4,-26.9742151471521,-1.7));
#5081=CARTESIAN_POINT('',(53.6,-26.9742151471521,-3.4));
#5082=CARTESIAN_POINT('',(60.8,-26.9742151471521,-3.4));
#5083=CARTESIAN_POINT('',(53.6,-26.9742151471521,-0.85));
#5084=CARTESIAN_POINT('Origin',(30.4,-37.4742151471521,-2.5));
#5085=CARTESIAN_POINT('',(53.6,-34.9742151471521,-2.5));
#5086=CARTESIAN_POINT('Origin',(53.6,-37.4742151471521,-2.5));
#5087=CARTESIAN_POINT('',(63.4,-34.9742151471521,-2.5));
#5088=CARTESIAN_POINT('',(30.4,-34.9742151471521,-2.5));
#5089=CARTESIAN_POINT('Origin',(63.4,-37.4742151471521,-2.5));
#5090=CARTESIAN_POINT('Origin',(60.8,-34.9742151471521,0.));
#5091=CARTESIAN_POINT('',(53.6,-34.9742151471521,-3.4));
#5092=CARTESIAN_POINT('',(53.6,-34.9742151471521,-0.85));
#5093=CARTESIAN_POINT('',(63.4,-34.9742151471521,-3.4));
#5094=CARTESIAN_POINT('',(58.8,-34.9742151471521,-3.4));
#5095=CARTESIAN_POINT('',(63.4,-34.9742151471521,-1.25));
#5096=CARTESIAN_POINT('Origin',(46.3,-35.0230739444768,1.2));
#5097=CARTESIAN_POINT('',(26.8,-36.4461478889537,1.));
#5098=CARTESIAN_POINT('',(26.8,-34.4080100467744,1.28644159357841));
#5099=CARTESIAN_POINT('',(46.3,-36.4461478889537,1.));
#5100=CARTESIAN_POINT('Origin',(26.8,-33.6,0.));
#5101=CARTESIAN_POINT('',(26.8,-36.6,1.));
#5102=CARTESIAN_POINT('',(26.8,-33.6,1.));
#5103=CARTESIAN_POINT('',(26.8,-36.6,0.));
#5104=CARTESIAN_POINT('Origin',(26.8,-36.6,0.));
#5105=CARTESIAN_POINT('',(52.8,-36.6,1.));
#5106=CARTESIAN_POINT('Origin',(39.8,-35.1,1.));
#5107=CARTESIAN_POINT('Origin',(53.6,-30.9742151471521,-1.7));
#5108=CARTESIAN_POINT('',(53.6,-30.9742151471521,-3.4));
#5109=CARTESIAN_POINT('Origin',(56.8,-30.9742151471521,-3.4));
#5110=CARTESIAN_POINT('',(63.4,-39.1871075735761,-3.4));
#5111=CARTESIAN_POINT('',(54.3,-31.05,-3.4));
#5112=CARTESIAN_POINT('Origin',(56.3,-31.05,-3.4));
#5113=CARTESIAN_POINT('Origin',(53.6,30.9742151471521,-1.7));
#5114=CARTESIAN_POINT('',(53.6,30.9742151471521,-3.4));
#5115=CARTESIAN_POINT('Origin',(56.8,30.9742151471521,-3.4));
#5116=CARTESIAN_POINT('',(63.4,-8.21289242642393,-3.4));
#5117=CARTESIAN_POINT('',(54.3,31.05,-3.4));
#5118=CARTESIAN_POINT('Origin',(56.3,31.05,-3.4));
#5119=CARTESIAN_POINT('Origin',(-53.6,-30.9742151471521,-1.7));
#5120=CARTESIAN_POINT('',(-53.6,-30.9742151471521,-3.4));
#5121=CARTESIAN_POINT('Origin',(-56.8,-30.9742151471521,-3.4));
#5122=CARTESIAN_POINT('',(-63.4,8.21289242642393,-3.4));
#5123=CARTESIAN_POINT('',(-54.3,-31.05,-3.4));
#5124=CARTESIAN_POINT('Origin',(-56.3,-31.05,-3.4));
#5125=CARTESIAN_POINT('Origin',(-53.6,30.9742151471521,-1.7));
#5126=CARTESIAN_POINT('',(-53.6,30.9742151471521,-3.4));
#5127=CARTESIAN_POINT('Origin',(61.9,-42.2,-14.5));
#5128=CARTESIAN_POINT('',(63.4,-35.,-13.));
#5129=CARTESIAN_POINT('',(60.4,-35.,-16.));
#5130=CARTESIAN_POINT('',(61.9,-35.,-14.5));
#5131=CARTESIAN_POINT('',(60.4,-41.,-16.));
#5132=CARTESIAN_POINT('',(60.4,-35.,-16.));
#5133=CARTESIAN_POINT('',(63.4,-41.,-13.));
#5134=CARTESIAN_POINT('',(60.4,-41.,-16.));
#5135=CARTESIAN_POINT('',(63.4,-42.2,-13.));
#5136=CARTESIAN_POINT('Origin',(-61.9,1.2,-14.5));
#5137=CARTESIAN_POINT('',(-63.4,-41.,-13.));
#5138=CARTESIAN_POINT('',(-60.4,-41.,-16.));
#5139=CARTESIAN_POINT('',(-60.4,-41.,-16.));
#5140=CARTESIAN_POINT('',(-60.4,-35.,-16.));
#5141=CARTESIAN_POINT('',(-60.4,-35.,-16.));
#5142=CARTESIAN_POINT('',(-63.4,-35.,-13.));
#5143=CARTESIAN_POINT('',(-61.9,-35.,-14.5));
#5144=CARTESIAN_POINT('',(-63.4,1.2,-13.));
#5145=CARTESIAN_POINT('Origin',(-61.9,39.2,-14.5));
#5146=CARTESIAN_POINT('',(-63.4,35.,-13.));
#5147=CARTESIAN_POINT('',(-60.4,35.,-16.));
#5148=CARTESIAN_POINT('',(-60.4,35.,-16.));
#5149=CARTESIAN_POINT('',(-60.4,41.,-16.));
#5150=CARTESIAN_POINT('',(-60.4,41.,-16.));
#5151=CARTESIAN_POINT('',(-63.4,41.,-13.));
#5152=CARTESIAN_POINT('',(-61.9,41.,-14.5));
#5153=CARTESIAN_POINT('',(-63.4,39.2,-13.));
#5154=CARTESIAN_POINT('Origin',(61.9,-4.2,-14.5));
#5155=CARTESIAN_POINT('',(63.4,41.,-13.));
#5156=CARTESIAN_POINT('',(60.4,41.,-16.));
#5157=CARTESIAN_POINT('',(61.9,41.,-14.5));
#5158=CARTESIAN_POINT('',(60.4,35.,-16.));
#5159=CARTESIAN_POINT('',(60.4,41.,-16.));
#5160=CARTESIAN_POINT('',(63.4,35.,-13.));
#5161=CARTESIAN_POINT('',(60.4,35.,-16.));
#5162=CARTESIAN_POINT('',(63.4,-4.2,-13.));
#5163=CARTESIAN_POINT('Origin',(-63.4,-38.,-19.));
#5164=CARTESIAN_POINT('',(-63.4,-36.45,-19.));
#5165=CARTESIAN_POINT('Origin',(-63.4,-38.,-19.));
#5166=CARTESIAN_POINT('',(-63.4,-36.45,-19.));
#5167=CARTESIAN_POINT('Origin',(-63.4,38.,-4.9));
#5168=CARTESIAN_POINT('',(-63.4,39.55,-4.9));
#5169=CARTESIAN_POINT('Origin',(-63.4,38.,-4.9));
#5170=CARTESIAN_POINT('',(-63.4,39.55,-4.9));
#5171=CARTESIAN_POINT('Origin',(-63.4,38.,-19.));
#5172=CARTESIAN_POINT('',(-63.4,39.55,-19.));
#5173=CARTESIAN_POINT('Origin',(-63.4,38.,-19.));
#5174=CARTESIAN_POINT('',(-63.4,39.55,-19.));
#5175=CARTESIAN_POINT('Origin',(-63.4,-38.,-4.9));
#5176=CARTESIAN_POINT('',(-63.4,-36.45,-4.9));
#5177=CARTESIAN_POINT('Origin',(-63.4,-38.,-4.9));
#5178=CARTESIAN_POINT('',(-63.4,-36.45,-4.9));
#5179=CARTESIAN_POINT('Origin',(63.4,-35.5,-1.9));
#5180=CARTESIAN_POINT('',(63.4,-35.5,-7.9));
#5181=CARTESIAN_POINT('',(63.4,-35.5,-1.9));
#5182=CARTESIAN_POINT('',(63.4,-35.5,-0.95));
#5183=CARTESIAN_POINT('',(60.4,-35.5,-7.9));
#5184=CARTESIAN_POINT('',(63.4,-35.5,-7.9));
#5185=CARTESIAN_POINT('',(60.4,-35.5,-1.9));
#5186=CARTESIAN_POINT('',(60.4,-35.5,-3.4));
#5187=CARTESIAN_POINT('',(63.4,-35.5,-1.9));
#5188=CARTESIAN_POINT('Origin',(63.4,-41.,-1.9));
#5189=CARTESIAN_POINT('',(60.4,-41.,-1.9));
#5190=CARTESIAN_POINT('',(60.4,-35.,-1.9));
#5191=CARTESIAN_POINT('',(63.4,-41.,-1.9));
#5192=CARTESIAN_POINT('',(63.4,-41.,-1.9));
#5193=CARTESIAN_POINT('',(63.4,-42.2,-1.9));
#5194=CARTESIAN_POINT('Origin',(60.4,-38.,-4.9));
#5195=CARTESIAN_POINT('',(60.4,-41.,-7.9));
#5196=CARTESIAN_POINT('',(60.4,-41.,-7.9));
#5197=CARTESIAN_POINT('',(60.4,-41.,-1.9));
#5198=CARTESIAN_POINT('',(60.4,-36.,-4.9));
#5199=CARTESIAN_POINT('Origin',(60.4,-38.,-4.9));
#5200=CARTESIAN_POINT('Origin',(63.4,-35.,-7.9));
#5201=CARTESIAN_POINT('',(63.4,-41.,-7.9));
#5202=CARTESIAN_POINT('',(63.4,-39.2,-7.9));
#5203=CARTESIAN_POINT('',(63.4,-41.,-7.9));
#5204=CARTESIAN_POINT('Origin',(63.4,35.5,-7.9));
#5205=CARTESIAN_POINT('',(63.4,35.5,-1.9));
#5206=CARTESIAN_POINT('',(63.4,35.5,-7.9));
#5207=CARTESIAN_POINT('',(63.4,35.5,-3.95));
#5208=CARTESIAN_POINT('',(60.4,35.5,-1.9));
#5209=CARTESIAN_POINT('',(63.4,35.5,-1.9));
#5210=CARTESIAN_POINT('',(60.4,35.5,-7.9));
#5211=CARTESIAN_POINT('',(60.4,35.5,-6.4));
#5212=CARTESIAN_POINT('',(63.4,35.5,-7.9));
#5213=CARTESIAN_POINT('Origin',(-63.4,35.5,-7.9));
#5214=CARTESIAN_POINT('',(-63.4,35.5,-7.9));
#5215=CARTESIAN_POINT('',(-63.4,35.5,-1.9));
#5216=CARTESIAN_POINT('',(-63.4,35.5,-3.95));
#5217=CARTESIAN_POINT('',(-60.4,35.5,-7.9));
#5218=CARTESIAN_POINT('',(-63.4,35.5,-7.9));
#5219=CARTESIAN_POINT('',(-60.4,35.5,-1.9));
#5220=CARTESIAN_POINT('',(-60.4,35.5,-6.4));
#5221=CARTESIAN_POINT('',(-63.4,35.5,-1.9));
#5222=CARTESIAN_POINT('Origin',(-63.4,35.,-1.9));
#5223=CARTESIAN_POINT('',(-60.4,41.,-1.9));
#5224=CARTESIAN_POINT('',(-60.4,41.,-1.9));
#5225=CARTESIAN_POINT('',(-63.4,41.,-1.9));
#5226=CARTESIAN_POINT('',(-63.4,41.,-1.9));
#5227=CARTESIAN_POINT('',(-63.4,39.2,-1.9));
#5228=CARTESIAN_POINT('Origin',(-60.4,38.,-4.9));
#5229=CARTESIAN_POINT('',(-60.4,41.,-7.9));
#5230=CARTESIAN_POINT('',(-60.4,35.,-7.9));
#5231=CARTESIAN_POINT('',(-60.4,41.,-7.9));
#5232=CARTESIAN_POINT('',(-60.4,40.,-4.9));
#5233=CARTESIAN_POINT('Origin',(-60.4,38.,-4.9));
#5234=CARTESIAN_POINT('Origin',(-63.4,-35.5,-1.9));
#5235=CARTESIAN_POINT('',(-63.4,-35.5,-1.9));
#5236=CARTESIAN_POINT('',(-63.4,-35.5,-7.9));
#5237=CARTESIAN_POINT('',(-63.4,-35.5,-0.95));
#5238=CARTESIAN_POINT('',(-60.4,-35.5,-1.9));
#5239=CARTESIAN_POINT('',(-63.4,-35.5,-1.9));
#5240=CARTESIAN_POINT('',(-60.4,-35.5,-7.9));
#5241=CARTESIAN_POINT('',(-60.4,-35.5,-3.4));
#5242=CARTESIAN_POINT('',(-63.4,-35.5,-7.9));
#5243=CARTESIAN_POINT('Origin',(-63.4,-35.,-7.9));
#5244=CARTESIAN_POINT('',(-60.4,-41.,-7.9));
#5245=CARTESIAN_POINT('',(-60.4,-41.,-7.9));
#5246=CARTESIAN_POINT('',(-63.4,-41.,-7.9));
#5247=CARTESIAN_POINT('',(-63.4,-41.,-7.9));
#5248=CARTESIAN_POINT('',(-63.4,4.2,-7.9));
#5249=CARTESIAN_POINT('Origin',(-63.4,-38.,-4.9));
#5250=CARTESIAN_POINT('',(-60.4,-36.,-4.9));
#5251=CARTESIAN_POINT('Origin',(-60.4,-38.,-4.9));
#5252=CARTESIAN_POINT('',(-63.4,-36.,-4.9));
#5253=CARTESIAN_POINT('',(-63.4,-36.,-4.9));
#5254=CARTESIAN_POINT('Origin',(-63.4,-38.,-4.9));
#5255=CARTESIAN_POINT('Origin',(-63.4,-41.,-7.9));
#5256=CARTESIAN_POINT('',(-63.4,-41.,-1.9));
#5257=CARTESIAN_POINT('',(-63.4,-41.,-3.95));
#5258=CARTESIAN_POINT('',(-60.4,-41.,-1.9));
#5259=CARTESIAN_POINT('',(-60.4,-41.,-1.9));
#5260=CARTESIAN_POINT('',(-63.4,-41.,-1.9));
#5261=CARTESIAN_POINT('Origin',(-63.4,-41.,-1.9));
#5262=CARTESIAN_POINT('',(-63.4,1.2,-1.9));
#5263=CARTESIAN_POINT('',(-60.4,-35.,-1.9));
#5264=CARTESIAN_POINT('Origin',(-60.4,-38.,-4.9));
#5265=CARTESIAN_POINT('Origin',(-63.4,38.,-4.9));
#5266=CARTESIAN_POINT('',(-63.4,40.,-4.9));
#5267=CARTESIAN_POINT('',(-63.4,40.,-4.9));
#5268=CARTESIAN_POINT('Origin',(-63.4,38.,-4.9));
#5269=CARTESIAN_POINT('Origin',(-63.4,41.,-7.9));
#5270=CARTESIAN_POINT('',(-63.4,41.,-7.9));
#5271=CARTESIAN_POINT('',(-63.4,42.2,-7.9));
#5272=CARTESIAN_POINT('',(-63.4,41.,-7.9));
#5273=CARTESIAN_POINT('Origin',(-63.4,41.,-1.9));
#5274=CARTESIAN_POINT('',(-63.4,41.,-0.95));
#5275=CARTESIAN_POINT('Origin',(-63.4,38.,-19.));
#5276=CARTESIAN_POINT('',(-60.4,40.,-19.));
#5277=CARTESIAN_POINT('Origin',(-60.4,38.,-19.));
#5278=CARTESIAN_POINT('',(-63.4,40.,-19.));
#5279=CARTESIAN_POINT('',(-63.4,40.,-19.));
#5280=CARTESIAN_POINT('Origin',(-63.4,38.,-19.));
#5281=CARTESIAN_POINT('Origin',(-63.4,35.,-22.));
#5282=CARTESIAN_POINT('',(-63.4,35.,-22.));
#5283=CARTESIAN_POINT('',(-63.4,35.,-11.));
#5284=CARTESIAN_POINT('',(-60.4,35.,-22.));
#5285=CARTESIAN_POINT('',(-63.4,35.,-22.));
#5286=CARTESIAN_POINT('',(-60.4,35.,-16.));
#5287=CARTESIAN_POINT('Origin',(-63.4,41.,-22.));
#5288=CARTESIAN_POINT('',(-63.4,41.,-22.));
#5289=CARTESIAN_POINT('',(-63.4,42.2,-22.));
#5290=CARTESIAN_POINT('',(-60.4,41.,-22.));
#5291=CARTESIAN_POINT('',(-63.4,41.,-22.));
#5292=CARTESIAN_POINT('',(-60.4,35.,-22.));
#5293=CARTESIAN_POINT('Origin',(-63.4,41.,-16.));
#5294=CARTESIAN_POINT('',(-63.4,41.,-8.));
#5295=CARTESIAN_POINT('',(-60.4,41.,-22.));
#5296=CARTESIAN_POINT('Origin',(-60.4,38.,-19.));
#5297=CARTESIAN_POINT('Origin',(-63.4,-38.,-19.));
#5298=CARTESIAN_POINT('',(-60.4,-36.,-19.));
#5299=CARTESIAN_POINT('Origin',(-60.4,-38.,-19.));
#5300=CARTESIAN_POINT('',(-63.4,-36.,-19.));
#5301=CARTESIAN_POINT('',(-63.4,-36.,-19.));
#5302=CARTESIAN_POINT('Origin',(-63.4,-38.,-19.));
#5303=CARTESIAN_POINT('Origin',(-63.4,-41.,-22.));
#5304=CARTESIAN_POINT('',(-63.4,-41.,-22.));
#5305=CARTESIAN_POINT('',(-63.4,-41.,-11.));
#5306=CARTESIAN_POINT('',(-60.4,-41.,-22.));
#5307=CARTESIAN_POINT('',(-63.4,-41.,-22.));
#5308=CARTESIAN_POINT('',(-60.4,-41.,-16.));
#5309=CARTESIAN_POINT('Origin',(-63.4,-35.,-22.));
#5310=CARTESIAN_POINT('',(-63.4,-35.,-22.));
#5311=CARTESIAN_POINT('',(-63.4,4.2,-22.));
#5312=CARTESIAN_POINT('',(-60.4,-35.,-22.));
#5313=CARTESIAN_POINT('',(-63.4,-35.,-22.));
#5314=CARTESIAN_POINT('',(-60.4,-41.,-22.));
#5315=CARTESIAN_POINT('Origin',(-63.4,-35.,-16.));
#5316=CARTESIAN_POINT('',(-63.4,-35.,-8.));
#5317=CARTESIAN_POINT('',(-60.4,-35.,-22.));
#5318=CARTESIAN_POINT('Origin',(-60.4,-38.,-19.));
#5319=CARTESIAN_POINT('Origin',(-63.4,43.4,0.));
#5320=CARTESIAN_POINT('Origin',(-63.4,43.4,0.));
#5321=CARTESIAN_POINT('Origin',(-63.4,43.4,0.));
#5322=CARTESIAN_POINT('Origin',(-63.4,43.4,0.));
#5323=CARTESIAN_POINT('Origin',(63.4,-38.,-4.9));
#5324=CARTESIAN_POINT('',(63.4,-36.,-4.9));
#5325=CARTESIAN_POINT('',(63.4,-36.,-4.9));
#5326=CARTESIAN_POINT('Origin',(63.4,-38.,-4.9));
#5327=CARTESIAN_POINT('Origin',(63.4,-41.,-7.9));
#5328=CARTESIAN_POINT('',(63.4,-41.,-3.95));
#5329=CARTESIAN_POINT('Origin',(63.4,-43.4,0.));
#5330=CARTESIAN_POINT('',(63.4,-43.4,0.));
#5331=CARTESIAN_POINT('',(63.4,-41.,-22.));
#5332=CARTESIAN_POINT('',(63.4,-41.,-11.));
#5333=CARTESIAN_POINT('',(63.4,-35.,-22.));
#5334=CARTESIAN_POINT('',(63.4,-39.2,-22.));
#5335=CARTESIAN_POINT('',(63.4,-35.,-8.));
#5336=CARTESIAN_POINT('',(63.4,35.,-22.));
#5337=CARTESIAN_POINT('',(63.4,35.,-11.));
#5338=CARTESIAN_POINT('',(63.4,41.,-22.));
#5339=CARTESIAN_POINT('',(63.4,-1.2,-22.));
#5340=CARTESIAN_POINT('',(63.4,41.,-8.));
#5341=CARTESIAN_POINT('',(63.4,41.,-7.9));
#5342=CARTESIAN_POINT('',(63.4,-1.2,-7.9));
#5343=CARTESIAN_POINT('',(63.4,41.,-1.9));
#5344=CARTESIAN_POINT('',(63.4,41.,-0.95));
#5345=CARTESIAN_POINT('',(63.4,-4.2,-1.9));
#5346=CARTESIAN_POINT('Origin',(63.4,38.,-19.));
#5347=CARTESIAN_POINT('',(60.4,40.,-19.));
#5348=CARTESIAN_POINT('Origin',(60.4,38.,-19.));
#5349=CARTESIAN_POINT('',(63.4,40.,-19.));
#5350=CARTESIAN_POINT('',(63.4,40.,-19.));
#5351=CARTESIAN_POINT('Origin',(63.4,38.,-19.));
#5352=CARTESIAN_POINT('Origin',(63.4,35.,-22.));
#5353=CARTESIAN_POINT('',(60.4,35.,-22.));
#5354=CARTESIAN_POINT('',(60.4,35.,-16.));
#5355=CARTESIAN_POINT('',(63.4,35.,-22.));
#5356=CARTESIAN_POINT('Origin',(63.4,41.,-22.));
#5357=CARTESIAN_POINT('',(60.4,41.,-22.));
#5358=CARTESIAN_POINT('',(60.4,35.,-22.));
#5359=CARTESIAN_POINT('',(63.4,41.,-22.));
#5360=CARTESIAN_POINT('Origin',(63.4,41.,-16.));
#5361=CARTESIAN_POINT('',(60.4,41.,-22.));
#5362=CARTESIAN_POINT('Origin',(60.4,38.,-19.));
#5363=CARTESIAN_POINT('Origin',(63.4,-43.4,0.));
#5364=CARTESIAN_POINT('',(63.4,-36.45,-4.9));
#5365=CARTESIAN_POINT('Origin',(63.4,-38.,-4.9));
#5366=CARTESIAN_POINT('Origin',(63.4,-38.,-19.));
#5367=CARTESIAN_POINT('',(60.4,-36.,-19.));
#5368=CARTESIAN_POINT('Origin',(60.4,-38.,-19.));
#5369=CARTESIAN_POINT('',(63.4,-36.,-19.));
#5370=CARTESIAN_POINT('',(63.4,-36.,-19.));
#5371=CARTESIAN_POINT('Origin',(63.4,-38.,-19.));
#5372=CARTESIAN_POINT('Origin',(63.4,-41.,-22.));
#5373=CARTESIAN_POINT('',(60.4,-41.,-22.));
#5374=CARTESIAN_POINT('',(60.4,-41.,-16.));
#5375=CARTESIAN_POINT('',(63.4,-41.,-22.));
#5376=CARTESIAN_POINT('Origin',(63.4,-35.,-22.));
#5377=CARTESIAN_POINT('',(60.4,-35.,-22.));
#5378=CARTESIAN_POINT('',(60.4,-41.,-22.));
#5379=CARTESIAN_POINT('',(63.4,-35.,-22.));
#5380=CARTESIAN_POINT('Origin',(63.4,-35.,-16.));
#5381=CARTESIAN_POINT('',(60.4,-35.,-22.));
#5382=CARTESIAN_POINT('Origin',(60.4,-38.,-19.));
#5383=CARTESIAN_POINT('Origin',(63.4,-43.4,0.));
#5384=CARTESIAN_POINT('',(63.4,39.55,-19.));
#5385=CARTESIAN_POINT('Origin',(63.4,38.,-19.));
#5386=CARTESIAN_POINT('Origin',(63.4,38.,-4.9));
#5387=CARTESIAN_POINT('',(60.4,40.,-4.9));
#5388=CARTESIAN_POINT('Origin',(60.4,38.,-4.9));
#5389=CARTESIAN_POINT('',(63.4,40.,-4.9));
#5390=CARTESIAN_POINT('',(63.4,40.,-4.9));
#5391=CARTESIAN_POINT('Origin',(63.4,38.,-4.9));
#5392=CARTESIAN_POINT('Origin',(63.4,41.,-7.9));
#5393=CARTESIAN_POINT('',(60.4,41.,-7.9));
#5394=CARTESIAN_POINT('',(60.4,35.,-7.9));
#5395=CARTESIAN_POINT('',(63.4,41.,-7.9));
#5396=CARTESIAN_POINT('Origin',(63.4,41.,-1.9));
#5397=CARTESIAN_POINT('',(60.4,41.,-1.9));
#5398=CARTESIAN_POINT('',(60.4,41.,-7.9));
#5399=CARTESIAN_POINT('',(63.4,41.,-1.9));
#5400=CARTESIAN_POINT('Origin',(63.4,35.,-1.9));
#5401=CARTESIAN_POINT('',(60.4,41.,-1.9));
#5402=CARTESIAN_POINT('Origin',(60.4,38.,-4.9));
#5403=CARTESIAN_POINT('Origin',(63.4,-43.4,0.));
#5404=CARTESIAN_POINT('',(63.4,-36.45,-19.));
#5405=CARTESIAN_POINT('Origin',(63.4,-38.,-19.));
#5406=CARTESIAN_POINT('Origin',(63.4,38.,-4.9));
#5407=CARTESIAN_POINT('',(63.4,39.55,-4.9));
#5408=CARTESIAN_POINT('Origin',(63.4,38.,-4.9));
#5409=CARTESIAN_POINT('',(63.4,39.55,-4.9));
#5410=CARTESIAN_POINT('Origin',(63.4,-38.,-4.9));
#5411=CARTESIAN_POINT('',(63.4,-36.45,-4.9));
#5412=CARTESIAN_POINT('Origin',(63.4,38.,-19.));
#5413=CARTESIAN_POINT('',(63.4,39.55,-19.));
#5414=CARTESIAN_POINT('Origin',(63.4,-38.,-19.));
#5415=CARTESIAN_POINT('',(63.4,-36.45,-19.));
#5416=CARTESIAN_POINT('Origin',(-65.,0.550000000000004,-5.4));
#5417=CARTESIAN_POINT('',(-63.4,0.550000000000002,-3.4));
#5418=CARTESIAN_POINT('',(-65.,0.550000000000004,-3.4));
#5419=CARTESIAN_POINT('',(-63.4,-1.45,-5.4));
#5420=CARTESIAN_POINT('Origin',(-63.4,0.550000000000004,-5.4));
#5421=CARTESIAN_POINT('',(-65.,-1.45,-5.4));
#5422=CARTESIAN_POINT('Origin',(-65.,11.55,-3.4));
#5423=CARTESIAN_POINT('',(-63.4,9.55,-3.4));
#5424=CARTESIAN_POINT('',(-65.,9.55,-3.4));
#5425=CARTESIAN_POINT('',(-63.4,27.475,-3.4));
#5426=CARTESIAN_POINT('Origin',(-65.,0.550000000000004,-8.4));
#5427=CARTESIAN_POINT('',(-63.4,-1.45,-8.4));
#5428=CARTESIAN_POINT('',(-65.,-1.45,-8.4));
#5429=CARTESIAN_POINT('',(-63.4,0.550000000000006,-10.4));
#5430=CARTESIAN_POINT('Origin',(-63.4,0.550000000000004,-8.4));
#5431=CARTESIAN_POINT('',(-65.,0.550000000000004,-10.4));
#5432=CARTESIAN_POINT('Origin',(-65.,-1.45,-3.4));
#5433=CARTESIAN_POINT('',(-63.4,-1.45,-1.7));
#5434=CARTESIAN_POINT('Origin',(-65.,9.55,-8.4));
#5435=CARTESIAN_POINT('',(-63.4,9.55,-10.4));
#5436=CARTESIAN_POINT('',(-65.,9.55,-10.4));
#5437=CARTESIAN_POINT('',(-63.4,11.55,-8.4));
#5438=CARTESIAN_POINT('Origin',(-63.4,9.55,-8.4));
#5439=CARTESIAN_POINT('',(-65.,11.55,-8.4));
#5440=CARTESIAN_POINT('Origin',(-65.,-1.45,-10.4));
#5441=CARTESIAN_POINT('',(-63.4,20.975,-10.4));
#5442=CARTESIAN_POINT('Origin',(-65.,9.55,-5.4));
#5443=CARTESIAN_POINT('',(-63.4,11.55,-5.4));
#5444=CARTESIAN_POINT('',(-65.,11.55,-5.4));
#5445=CARTESIAN_POINT('Origin',(-63.4,9.55,-5.4));
#5446=CARTESIAN_POINT('Origin',(-65.,11.55,-10.4));
#5447=CARTESIAN_POINT('',(-63.4,11.55,-5.20000000000001));
#5448=CARTESIAN_POINT('Origin',(-56.8,30.9742151471521,-3.4));
#5449=CARTESIAN_POINT('',(-63.4,39.1871075735761,-3.4));
#5450=CARTESIAN_POINT('',(-54.3,31.05,-3.4));
#5451=CARTESIAN_POINT('Origin',(-56.3,31.05,-3.4));
#5452=CARTESIAN_POINT('Origin',(-56.3,31.05,-5.));
#5453=CARTESIAN_POINT('',(-54.3,31.05,-1.));
#5454=CARTESIAN_POINT('',(-54.3,31.05,-5.));
#5455=CARTESIAN_POINT('Origin',(-56.3,31.05,-1.));
#5456=CARTESIAN_POINT('Origin',(-56.3,31.05,-1.));
#5457=CARTESIAN_POINT('Origin',(56.3,31.05,-5.));
#5458=CARTESIAN_POINT('',(54.3,31.05,-1.));
#5459=CARTESIAN_POINT('',(54.3,31.05,-5.));
#5460=CARTESIAN_POINT('Origin',(56.3,31.05,-1.));
#5461=CARTESIAN_POINT('Origin',(56.3,31.05,-1.));
#5462=CARTESIAN_POINT('Origin',(-56.3,-31.05,-5.));
#5463=CARTESIAN_POINT('',(-54.3,-31.05,-1.));
#5464=CARTESIAN_POINT('',(-54.3,-31.05,-5.));
#5465=CARTESIAN_POINT('Origin',(-56.3,-31.05,-1.));
#5466=CARTESIAN_POINT('Origin',(-56.3,-31.05,-1.));
#5467=CARTESIAN_POINT('Origin',(56.3,-31.05,-5.));
#5468=CARTESIAN_POINT('',(54.3,-31.05,-1.));
#5469=CARTESIAN_POINT('',(54.3,-31.05,-5.));
#5470=CARTESIAN_POINT('Origin',(56.3,-31.05,-1.));
#5471=CARTESIAN_POINT('Origin',(56.3,-31.05,-1.));
#5472=CARTESIAN_POINT('Origin',(63.4,-43.4,0.));
#5473=CARTESIAN_POINT('Origin',(-63.4,-43.4,0.));
#5474=CARTESIAN_POINT('',(-63.4,-43.4,0.));
#5475=CARTESIAN_POINT('Origin',(-63.4,43.4,0.));
#5476=UNCERTAINTY_MEASURE_WITH_UNIT(LENGTH_MEASURE(0.01),#5480,
'DISTANCE_ACCURACY_VALUE',
'Maximum model space distance between geometric entities at asserted c
onnectivities');
#5477=UNCERTAINTY_MEASURE_WITH_UNIT(LENGTH_MEASURE(0.01),#5480,
'DISTANCE_ACCURACY_VALUE',
'Maximum model space distance between geometric entities at asserted c
onnectivities');
#5478=(
GEOMETRIC_REPRESENTATION_CONTEXT(3)
GLOBAL_UNCERTAINTY_ASSIGNED_CONTEXT((#5476))
GLOBAL_UNIT_ASSIGNED_CONTEXT((#5480,#5482,#5483))
REPRESENTATION_CONTEXT('','3D')
);
#5479=(
GEOMETRIC_REPRESENTATION_CONTEXT(3)
GLOBAL_UNCERTAINTY_ASSIGNED_CONTEXT((#5477))
GLOBAL_UNIT_ASSIGNED_CONTEXT((#5480,#5482,#5483))
REPRESENTATION_CONTEXT('','3D')
);
#5480=(
LENGTH_UNIT()
NAMED_UNIT(*)
SI_UNIT(.MILLI.,.METRE.)
);
#5481=(
LENGTH_UNIT()
NAMED_UNIT(*)
SI_UNIT($,.METRE.)
);
#5482=(
NAMED_UNIT(*)
PLANE_ANGLE_UNIT()
SI_UNIT($,.RADIAN.)
);
#5483=(
NAMED_UNIT(*)
SI_UNIT($,.STERADIAN.)
SOLID_ANGLE_UNIT()
);
#5484=SHAPE_DEFINITION_REPRESENTATION(#5485,#5486);
#5485=PRODUCT_DEFINITION_SHAPE('',$,#5488);
#5486=SHAPE_REPRESENTATION('',(#3339),#5478);
#5487=PRODUCT_DEFINITION_CONTEXT('part definition',#5492,'design');
#5488=PRODUCT_DEFINITION('ParaEQwithsides','ParaEQwithsides v10',#5489,
#5487);
#5489=PRODUCT_DEFINITION_FORMATION('',$,#5494);
#5490=PRODUCT_RELATED_PRODUCT_CATEGORY('ParaEQwithsides v10',
'ParaEQwithsides v10',(#5494));
#5491=APPLICATION_PROTOCOL_DEFINITION('international standard',
'automotive_design',2009,#5492);
#5492=APPLICATION_CONTEXT(
'Core Data for Automotive Mechanical Design Process');
#5493=PRODUCT_CONTEXT('part definition',#5492,'mechanical');
#5494=PRODUCT('ParaEQwithsides','ParaEQwithsides v10',$,(#5493));
#5495=PRESENTATION_STYLE_ASSIGNMENT((#5496));
#5496=SURFACE_STYLE_USAGE(.BOTH.,#5497);
#5497=SURFACE_SIDE_STYLE('',(#5498));
#5498=SURFACE_STYLE_FILL_AREA(#5499);
#5499=FILL_AREA_STYLE('Steel - Satin',(#5500));
#5500=FILL_AREA_STYLE_COLOUR('Steel - Satin',#5501);
#5501=COLOUR_RGB('Steel - Satin',0.627450980392157,0.627450980392157,0.627450980392157);
ENDSEC;
END-ISO-10303-21;
